arm,size,tokens,suite,seed,value
dclm,100k,0.1,raw,seed-0,0.00952
dclm,100k,0.1,text,seed-0,0.0
dclm,100k,0.1,word,seed-0,0.0
dclm,100k,0.25,raw,seed-0,0.00403
dclm,100k,0.25,text,seed-0,0.0
dclm,100k,0.25,word,seed-0,0.0
dclm,100k,0.5,raw,seed-0,0.01013
dclm,100k,0.5,text,seed-0,0.0026
dclm,100k,0.5,word,seed-0,0.0
dclm,100k,1.0,raw,seed-0,0.01135
dclm,100k,1.0,text,seed-0,0.00087
dclm,100k,1.0,word,seed-0,0.0
dclm,100k,1.617,raw,seed-0,0.00549
dclm,100k,1.617,text,seed-0,0.00694
dclm,100k,1.617,word,seed-0,0.0
dclm,100k,3.228,raw,seed-0,0.01318
dclm,100k,3.228,text,seed-0,0.00434
dclm,100k,3.228,word,seed-0,0.0
dclm,100k,6.449,raw,seed-0,0.00928
dclm,100k,6.449,text,seed-0,0.0
dclm,100k,6.449,word,seed-0,0.0
dclm,100k,12.891,raw,seed-0,0.00952
dclm,100k,12.891,text,seed-0,0.00347
dclm,100k,12.891,word,seed-0,0.0
dclm,100k,17.723,raw,seed-0,0.0083
dclm,100k,17.723,text,seed-0,0.00347
dclm,100k,17.723,word,seed-0,0.0
dclm,1M,0.1,raw,seed-0,0.00513
dclm,1M,0.1,raw,seed-1,0.01086
dclm,1M,0.1,text,seed-0,0.0
dclm,1M,0.1,text,seed-1,0.0
dclm,1M,0.1,word,seed-0,0.00521
dclm,1M,0.1,word,seed-1,0.0
dclm,1M,0.25,raw,seed-0,0.00806
dclm,1M,0.25,raw,seed-1,0.01453
dclm,1M,0.25,text,seed-0,0.0
dclm,1M,0.25,text,seed-1,0.0
dclm,1M,0.25,word,seed-0,0.0
dclm,1M,0.25,word,seed-1,0.0
dclm,1M,0.5,raw,seed-0,0.00793
dclm,1M,0.5,raw,seed-1,0.00757
dclm,1M,0.5,text,seed-0,0.00087
dclm,1M,0.5,text,seed-1,0.0
dclm,1M,0.5,word,seed-0,0.0
dclm,1M,0.5,word,seed-1,0.0
dclm,1M,1.0,raw,seed-0,0.00952
dclm,1M,1.0,raw,seed-1,0.00732
dclm,1M,1.0,text,seed-0,0.00174
dclm,1M,1.0,text,seed-1,0.0
dclm,1M,1.0,word,seed-0,0.0
dclm,1M,1.0,word,seed-1,0.0
dclm,1M,1.617,raw,seed-0,0.00879
dclm,1M,1.617,raw,seed-1,0.005
dclm,1M,1.617,text,seed-0,0.00174
dclm,1M,1.617,text,seed-1,0.00174
dclm,1M,1.617,word,seed-0,0.08594
dclm,1M,1.617,word,seed-1,0.03906
dclm,1M,3.228,raw,seed-0,0.02222
dclm,1M,3.228,raw,seed-1,0.00793
dclm,1M,3.228,text,seed-0,0.1224
dclm,1M,3.228,text,seed-1,0.00521
dclm,1M,3.228,word,seed-0,0.48438
dclm,1M,3.228,word,seed-1,0.02083
dclm,1M,6.449,raw,seed-0,0.03564
dclm,1M,6.449,raw,seed-1,0.03687
dclm,1M,6.449,text,seed-0,0.17101
dclm,1M,6.449,text,seed-1,0.12674
dclm,1M,6.449,word,seed-0,0.48958
dclm,1M,6.449,word,seed-1,0.48698
dclm,1M,12.891,raw,seed-0,0.03052
dclm,1M,12.891,raw,seed-1,0.0603
dclm,1M,12.891,text,seed-0,0.11806
dclm,1M,12.891,text,seed-1,0.14236
dclm,1M,12.891,word,seed-0,0.52344
dclm,1M,12.891,word,seed-1,0.52604
dclm,1M,17.723,raw,seed-0,0.02332
dclm,1M,17.723,raw,seed-1,0.05896
dclm,1M,17.723,text,seed-0,0.17101
dclm,1M,17.723,text,seed-1,0.12934
dclm,1M,17.723,word,seed-0,0.50781
dclm,1M,17.723,word,seed-1,0.52344
dclm,24M,0.1,raw,seed-0,0.01038
dclm,24M,0.1,text,seed-0,0.0
dclm,24M,0.1,word,seed-0,0.0
dclm,24M,0.25,raw,seed-0,0.01184
dclm,24M,0.25,text,seed-0,0.0
dclm,24M,0.25,word,seed-0,0.0026
dclm,24M,0.5,raw,seed-0,0.02124
dclm,24M,0.5,text,seed-0,0.19271
dclm,24M,0.5,word,seed-0,0.56771
dclm,24M,1.0,raw,seed-0,0.05139
dclm,24M,1.0,text,seed-0,0.21615
dclm,24M,1.0,word,seed-0,0.64583
dclm,24M,1.617,raw,seed-0,0.06946
dclm,24M,1.617,text,seed-0,0.21615
dclm,24M,1.617,word,seed-0,0.57812
dclm,24M,3.228,raw,seed-0,0.05298
dclm,24M,3.228,text,seed-0,0.18576
dclm,24M,3.228,word,seed-0,0.63802
dclm,24M,6.449,raw,seed-0,0.05615
dclm,24M,6.449,text,seed-0,0.16493
dclm,24M,6.449,word,seed-0,0.66667
dclm,24M,12.891,raw,seed-0,0.07922
dclm,24M,12.891,text,seed-0,0.18837
dclm,24M,12.891,word,seed-0,0.66927
dclm,24M,17.723,raw,seed-0,0.06396
dclm,24M,17.723,text,seed-0,0.15191
dclm,24M,17.723,word,seed-0,0.6849
dclm,3M,0.1,raw,seed-0,0.01172
dclm,3M,0.1,raw,seed-1,0.0105
dclm,3M,0.1,text,seed-0,0.00608
dclm,3M,0.1,text,seed-1,0.00087
dclm,3M,0.1,word,seed-0,0.01042
dclm,3M,0.1,word,seed-1,0.0
dclm,3M,0.25,raw,seed-0,0.01318
dclm,3M,0.25,raw,seed-1,0.01208
dclm,3M,0.25,text,seed-0,0.00174
dclm,3M,0.25,text,seed-1,0.0
dclm,3M,0.25,word,seed-0,0.00781
dclm,3M,0.25,word,seed-1,0.0
dclm,3M,0.5,raw,seed-0,0.01562
dclm,3M,0.5,raw,seed-1,0.00903
dclm,3M,0.5,text,seed-0,0.00608
dclm,3M,0.5,text,seed-1,0.00087
dclm,3M,0.5,word,seed-0,0.0026
dclm,3M,0.5,word,seed-1,0.00521
dclm,3M,1.0,raw,seed-0,0.02319
dclm,3M,1.0,raw,seed-1,0.03137
dclm,3M,1.0,text,seed-0,0.03472
dclm,3M,1.0,text,seed-1,0.05816
dclm,3M,1.0,word,seed-0,0.25521
dclm,3M,1.0,word,seed-1,0.32031
dclm,3M,1.617,raw,seed-0,0.0437
dclm,3M,1.617,raw,seed-1,0.04138
dclm,3M,1.617,text,seed-0,0.17969
dclm,3M,1.617,text,seed-1,0.1059
dclm,3M,1.617,word,seed-0,0.51562
dclm,3M,1.617,word,seed-1,0.42708
dclm,3M,3.228,raw,seed-0,0.04651
dclm,3M,3.228,raw,seed-1,0.04932
dclm,3M,3.228,text,seed-0,0.17969
dclm,3M,3.228,text,seed-1,0.14062
dclm,3M,3.228,word,seed-0,0.57812
dclm,3M,3.228,word,seed-1,0.46615
dclm,3M,6.449,raw,seed-0,0.05188
dclm,3M,6.449,raw,seed-1,0.0415
dclm,3M,6.449,text,seed-0,0.17622
dclm,3M,6.449,text,seed-1,0.11285
dclm,3M,6.449,word,seed-0,0.63542
dclm,3M,6.449,word,seed-1,0.4401
dclm,3M,12.891,raw,seed-0,0.0498
dclm,3M,12.891,raw,seed-1,0.04553
dclm,3M,12.891,text,seed-0,0.17708
dclm,3M,12.891,text,seed-1,0.20399
dclm,3M,12.891,word,seed-0,0.65104
dclm,3M,12.891,word,seed-1,0.54167
dclm,3M,17.723,raw,seed-0,0.05774
dclm,3M,17.723,raw,seed-1,0.03833
dclm,3M,17.723,text,seed-0,0.15365
dclm,3M,17.723,text,seed-1,0.14757
dclm,3M,17.723,word,seed-0,0.63021
dclm,3M,17.723,word,seed-1,0.50781
dclm,500k,0.1,raw,seed-0,0.00671
dclm,500k,0.1,text,seed-0,0.0
dclm,500k,0.1,word,seed-0,0.0
dclm,500k,0.25,raw,seed-0,0.00781
dclm,500k,0.25,text,seed-0,0.0
dclm,500k,0.25,word,seed-0,0.0
dclm,500k,0.5,raw,seed-0,0.01428
dclm,500k,0.5,text,seed-0,0.01476
dclm,500k,0.5,word,seed-0,0.0
dclm,500k,1.0,raw,seed-0,0.00854
dclm,500k,1.0,text,seed-0,0.00087
dclm,500k,1.0,word,seed-0,0.0
dclm,500k,1.617,raw,seed-0,0.01367
dclm,500k,1.617,text,seed-0,0.0
dclm,500k,1.617,word,seed-0,0.0
dclm,500k,3.228,raw,seed-0,0.00964
dclm,500k,3.228,text,seed-0,0.0
dclm,500k,3.228,word,seed-0,0.0
dclm,500k,6.449,raw,seed-0,0.01038
dclm,500k,6.449,text,seed-0,0.02778
dclm,500k,6.449,word,seed-0,0.1849
dclm,500k,12.891,raw,seed-0,0.02209
dclm,500k,12.891,text,seed-0,0.01042
dclm,500k,12.891,word,seed-0,0.21354
dclm,500k,17.723,raw,seed-0,0.01013
dclm,500k,17.723,text,seed-0,0.03212
dclm,500k,17.723,word,seed-0,0.29167
dclm,6M,0.1,raw,seed-0,0.00806
dclm,6M,0.1,raw,seed-1,0.00256
dclm,6M,0.1,text,seed-0,0.01476
dclm,6M,0.1,text,seed-1,0.0
dclm,6M,0.1,word,seed-0,0.0599
dclm,6M,0.1,word,seed-1,0.0
dclm,6M,0.25,raw,seed-0,0.01025
dclm,6M,0.25,raw,seed-1,0.00745
dclm,6M,0.25,text,seed-0,0.0
dclm,6M,0.25,text,seed-1,0.0
dclm,6M,0.25,word,seed-0,0.03906
dclm,6M,0.25,word,seed-1,0.0
dclm,6M,0.5,raw,seed-0,0.02136
dclm,6M,0.5,raw,seed-1,0.01855
dclm,6M,0.5,text,seed-0,0.11545
dclm,6M,0.5,text,seed-1,0.17188
dclm,6M,0.5,word,seed-0,0.4974
dclm,6M,0.5,word,seed-1,0.4974
dclm,6M,1.0,raw,seed-0,0.04114
dclm,6M,1.0,raw,seed-1,0.03479
dclm,6M,1.0,text,seed-0,0.1901
dclm,6M,1.0,text,seed-1,0.11806
dclm,6M,1.0,word,seed-0,0.53646
dclm,6M,1.0,word,seed-1,0.51302
dclm,6M,1.617,raw,seed-0,0.04285
dclm,6M,1.617,raw,seed-1,0.03699
dclm,6M,1.617,text,seed-0,0.26042
dclm,6M,1.617,text,seed-1,0.21094
dclm,6M,1.617,word,seed-0,0.59375
dclm,6M,1.617,word,seed-1,0.60677
dclm,6M,3.228,raw,seed-0,0.05151
dclm,6M,3.228,raw,seed-1,0.04797
dclm,6M,3.228,text,seed-0,0.20486
dclm,6M,3.228,text,seed-1,0.23438
dclm,6M,3.228,word,seed-0,0.48177
dclm,6M,3.228,word,seed-1,0.57292
dclm,6M,6.449,raw,seed-0,0.05176
dclm,6M,6.449,raw,seed-1,0.03479
dclm,6M,6.449,text,seed-0,0.19792
dclm,6M,6.449,text,seed-1,0.17535
dclm,6M,6.449,word,seed-0,0.53385
dclm,6M,6.449,word,seed-1,0.5651
dclm,6M,12.891,raw,seed-0,0.06396
dclm,6M,12.891,raw,seed-1,0.06348
dclm,6M,12.891,text,seed-0,0.22135
dclm,6M,12.891,text,seed-1,0.2092
dclm,6M,12.891,word,seed-0,0.59115
dclm,6M,12.891,word,seed-1,0.64844
dclm,6M,17.723,raw,seed-0,0.0603
dclm,6M,17.723,raw,seed-1,0.06873
dclm,6M,17.723,text,seed-0,0.24219
dclm,6M,17.723,text,seed-1,0.13976
dclm,6M,17.723,word,seed-0,0.58854
dclm,6M,17.723,word,seed-1,0.59896
sp,100k,0.006,raw,seed-40354564,0.0022
sp,100k,0.006,raw,seed-40354565,0.00439
sp,100k,0.006,raw,seed-40354566,0.00391
sp,100k,0.006,raw,seed-40354567,0.00549
sp,100k,0.006,text,seed-40354564,0.0
sp,100k,0.006,text,seed-40354565,0.00174
sp,100k,0.006,text,seed-40354566,0.01562
sp,100k,0.006,text,seed-40354567,0.0
sp,100k,0.006,word,seed-40354564,0.0
sp,100k,0.006,word,seed-40354565,0.0
sp,100k,0.006,word,seed-40354566,0.0026
sp,100k,0.006,word,seed-40354567,0.0
sp,100k,1.617,raw,seed-40354564,0.0061
sp,100k,1.617,raw,seed-40354565,0.00635
sp,100k,1.617,raw,seed-40354566,0.00525
sp,100k,1.617,raw,seed-40354567,0.00635
sp,100k,1.617,text,seed-40354564,0.01042
sp,100k,1.617,text,seed-40354565,0.02951
sp,100k,1.617,text,seed-40354566,0.00694
sp,100k,1.617,text,seed-40354567,0.00087
sp,100k,1.617,word,seed-40354564,0.07552
sp,100k,1.617,word,seed-40354565,0.07031
sp,100k,1.617,word,seed-40354566,0.03646
sp,100k,1.617,word,seed-40354567,0.01823
sp,100k,3.228,raw,seed-40354564,0.00146
sp,100k,3.228,raw,seed-40354565,0.0061
sp,100k,3.228,raw,seed-40354566,0.01135
sp,100k,3.228,raw,seed-40354567,0.2655
sp,100k,3.228,text,seed-40354564,0.01476
sp,100k,3.228,text,seed-40354565,0.03385
sp,100k,3.228,text,seed-40354566,0.03733
sp,100k,3.228,text,seed-40354567,0.0
sp,100k,3.228,word,seed-40354564,0.06771
sp,100k,3.228,word,seed-40354565,0.07552
sp,100k,3.228,word,seed-40354566,0.07812
sp,100k,3.228,word,seed-40354567,0.0026
sp,100k,6.449,raw,seed-40354564,0.01587
sp,100k,6.449,raw,seed-40354565,0.01501
sp,100k,6.449,raw,seed-40354566,0.00598
sp,100k,6.449,raw,seed-40354567,0.22839
sp,100k,6.449,text,seed-40354564,0.01042
sp,100k,6.449,text,seed-40354565,0.05816
sp,100k,6.449,text,seed-40354566,0.01128
sp,100k,6.449,text,seed-40354567,0.00868
sp,100k,6.449,word,seed-40354564,0.04427
sp,100k,6.449,word,seed-40354565,0.08854
sp,100k,6.449,word,seed-40354566,0.05469
sp,100k,6.449,word,seed-40354567,0.01562
sp,100k,12.891,raw,seed-40354564,0.03638
sp,100k,12.891,raw,seed-40354565,0.04614
sp,100k,12.891,raw,seed-40354566,0.01074
sp,100k,12.891,raw,seed-40354567,0.09302
sp,100k,12.891,text,seed-40354564,0.01649
sp,100k,12.891,text,seed-40354565,0.02865
sp,100k,12.891,text,seed-40354566,0.02778
sp,100k,12.891,text,seed-40354567,0.04688
sp,100k,12.891,word,seed-40354564,0.04948
sp,100k,12.891,word,seed-40354565,0.11719
sp,100k,12.891,word,seed-40354566,0.09375
sp,100k,12.891,word,seed-40354567,0.0599
sp,100k,17.723,raw,seed-40354564,0.0105
sp,100k,17.723,raw,seed-40354565,0.02734
sp,100k,17.723,raw,seed-40354566,0.00366
sp,100k,17.723,raw,seed-40354567,0.06873
sp,100k,17.723,text,seed-40354564,0.04514
sp,100k,17.723,text,seed-40354565,0.02778
sp,100k,17.723,text,seed-40354566,0.02951
sp,100k,17.723,text,seed-40354567,0.07465
sp,100k,17.723,word,seed-40354564,0.09896
sp,100k,17.723,word,seed-40354565,0.09896
sp,100k,17.723,word,seed-40354566,0.08333
sp,100k,17.723,word,seed-40354567,0.06771
sp,100k,51.54,raw,seed-40354564,0.02478
sp,100k,51.54,raw,seed-40354565,0.06226
sp,100k,51.54,raw,seed-40354566,0.02417
sp,100k,51.54,raw,seed-40354567,0.12305
sp,100k,51.54,text,seed-40354564,0.0408
sp,100k,51.54,text,seed-40354565,0.06858
sp,100k,51.54,text,seed-40354566,0.05642
sp,100k,51.54,text,seed-40354567,0.06684
sp,100k,51.54,word,seed-40354564,0.08073
sp,100k,51.54,word,seed-40354565,0.11198
sp,100k,51.54,word,seed-40354566,0.06771
sp,100k,51.54,word,seed-40354567,0.04688
sp,1M,0.006,raw,seed-40354564,0.0061
sp,1M,0.006,raw,seed-40354565,0.0033
sp,1M,0.006,raw,seed-40354566,0.00732
sp,1M,0.006,raw,seed-40354567,0.00244
sp,1M,0.006,text,seed-40354564,0.00087
sp,1M,0.006,text,seed-40354565,0.0
sp,1M,0.006,text,seed-40354566,0.00174
sp,1M,0.006,text,seed-40354567,0.0
sp,1M,0.006,word,seed-40354564,0.00521
sp,1M,0.006,word,seed-40354565,0.0
sp,1M,0.006,word,seed-40354566,0.0
sp,1M,0.006,word,seed-40354567,0.0
sp,1M,1.617,raw,seed-40354564,0.00159
sp,1M,1.617,raw,seed-40354565,0.00513
sp,1M,1.617,raw,seed-40354566,0.09485
sp,1M,1.617,raw,seed-40354567,0.10339
sp,1M,1.617,text,seed-40354564,0.00694
sp,1M,1.617,text,seed-40354565,0.0
sp,1M,1.617,text,seed-40354566,0.0
sp,1M,1.617,text,seed-40354567,0.00174
sp,1M,1.617,word,seed-40354564,0.04167
sp,1M,1.617,word,seed-40354565,0.01042
sp,1M,1.617,word,seed-40354566,0.02083
sp,1M,1.617,word,seed-40354567,0.0
sp,1M,3.228,raw,seed-40354564,0.0238
sp,1M,3.228,raw,seed-40354565,0.05164
sp,1M,3.228,raw,seed-40354566,0.41614
sp,1M,3.228,raw,seed-40354567,0.06104
sp,1M,3.228,text,seed-40354564,0.00347
sp,1M,3.228,text,seed-40354565,0.00347
sp,1M,3.228,text,seed-40354566,0.27951
sp,1M,3.228,text,seed-40354567,0.03038
sp,1M,3.228,word,seed-40354564,0.02083
sp,1M,3.228,word,seed-40354565,0.01042
sp,1M,3.228,word,seed-40354566,0.13802
sp,1M,3.228,word,seed-40354567,0.04427
sp,1M,6.449,raw,seed-40354564,0.02063
sp,1M,6.449,raw,seed-40354565,0.56433
sp,1M,6.449,raw,seed-40354566,0.54773
sp,1M,6.449,raw,seed-40354567,0.25378
sp,1M,6.449,text,seed-40354564,0.02257
sp,1M,6.449,text,seed-40354565,0.3342
sp,1M,6.449,text,seed-40354566,0.28125
sp,1M,6.449,text,seed-40354567,0.0434
sp,1M,6.449,word,seed-40354564,0.04167
sp,1M,6.449,word,seed-40354565,0.35156
sp,1M,6.449,word,seed-40354566,0.28906
sp,1M,6.449,word,seed-40354567,0.23958
sp,1M,12.891,raw,seed-40354564,0.47192
sp,1M,12.891,raw,seed-40354565,0.49463
sp,1M,12.891,raw,seed-40354566,0.5741
sp,1M,12.891,raw,seed-40354567,0.54956
sp,1M,12.891,text,seed-40354564,0.17708
sp,1M,12.891,text,seed-40354565,0.41927
sp,1M,12.891,text,seed-40354566,0.20747
sp,1M,12.891,text,seed-40354567,0.46094
sp,1M,12.891,word,seed-40354564,0.31771
sp,1M,12.891,word,seed-40354565,0.45573
sp,1M,12.891,word,seed-40354566,0.3125
sp,1M,12.891,word,seed-40354567,0.54427
sp,1M,17.723,raw,seed-40354564,0.54297
sp,1M,17.723,raw,seed-40354565,0.48242
sp,1M,17.723,raw,seed-40354566,0.56934
sp,1M,17.723,raw,seed-40354567,0.50159
sp,1M,17.723,text,seed-40354564,0.24219
sp,1M,17.723,text,seed-40354565,0.37674
sp,1M,17.723,text,seed-40354566,0.18663
sp,1M,17.723,text,seed-40354567,0.37413
sp,1M,17.723,word,seed-40354564,0.3125
sp,1M,17.723,word,seed-40354565,0.25521
sp,1M,17.723,word,seed-40354566,0.33854
sp,1M,17.723,word,seed-40354567,0.33594
sp,1M,51.54,raw,seed-40354564,0.61975
sp,1M,51.54,raw,seed-40354565,0.48132
sp,1M,51.54,raw,seed-40354566,0.53711
sp,1M,51.54,raw,seed-40354567,0.51953
sp,1M,51.54,text,seed-40354564,0.32118
sp,1M,51.54,text,seed-40354565,0.29427
sp,1M,51.54,text,seed-40354566,0.17535
sp,1M,51.54,text,seed-40354567,0.22483
sp,1M,51.54,word,seed-40354564,0.32292
sp,1M,51.54,word,seed-40354565,0.35938
sp,1M,51.54,word,seed-40354566,0.14323
sp,1M,51.54,word,seed-40354567,0.26302
sp,24M,0.006,raw,seed-40354564,0.0022
sp,24M,0.006,raw,seed-40354565,0.00049
sp,24M,0.006,raw,seed-40354566,0.0022
sp,24M,0.006,raw,seed-40354567,0.00366
sp,24M,0.006,text,seed-40354564,0.00087
sp,24M,0.006,text,seed-40354565,0.0
sp,24M,0.006,text,seed-40354566,0.0
sp,24M,0.006,text,seed-40354567,0.00521
sp,24M,0.006,word,seed-40354564,0.0
sp,24M,0.006,word,seed-40354565,0.0
sp,24M,0.006,word,seed-40354566,0.0
sp,24M,0.006,word,seed-40354567,0.00781
sp,24M,1.617,raw,seed-40354564,0.271
sp,24M,1.617,raw,seed-40354565,0.13367
sp,24M,1.617,raw,seed-40354566,0.05188
sp,24M,1.617,raw,seed-40354567,0.25574
sp,24M,1.617,text,seed-40354564,0.02604
sp,24M,1.617,text,seed-40354565,0.02691
sp,24M,1.617,text,seed-40354566,0.00347
sp,24M,1.617,text,seed-40354567,0.00694
sp,24M,1.617,word,seed-40354564,0.02865
sp,24M,1.617,word,seed-40354565,0.125
sp,24M,1.617,word,seed-40354566,0.02865
sp,24M,1.617,word,seed-40354567,0.01042
sp,24M,3.228,raw,seed-40354564,0.45251
sp,24M,3.228,raw,seed-40354565,0.39783
sp,24M,3.228,raw,seed-40354566,0.55737
sp,24M,3.228,raw,seed-40354567,0.3479
sp,24M,3.228,text,seed-40354564,0.31424
sp,24M,3.228,text,seed-40354565,0.33073
sp,24M,3.228,text,seed-40354566,0.38194
sp,24M,3.228,text,seed-40354567,0.25087
sp,24M,3.228,word,seed-40354564,0.33854
sp,24M,3.228,word,seed-40354565,0.48177
sp,24M,3.228,word,seed-40354566,0.50521
sp,24M,3.228,word,seed-40354567,0.46094
sp,24M,6.449,raw,seed-40354564,0.51672
sp,24M,6.449,raw,seed-40354565,0.58386
sp,24M,6.449,raw,seed-40354566,0.56152
sp,24M,6.449,raw,seed-40354567,0.63208
sp,24M,6.449,text,seed-40354564,0.35156
sp,24M,6.449,text,seed-40354565,0.34549
sp,24M,6.449,text,seed-40354566,0.42795
sp,24M,6.449,text,seed-40354567,0.49479
sp,24M,6.449,word,seed-40354564,0.29167
sp,24M,6.449,word,seed-40354565,0.35677
sp,24M,6.449,word,seed-40354566,0.33333
sp,24M,6.449,word,seed-40354567,0.46094
sp,24M,12.891,raw,seed-40354564,0.52417
sp,24M,12.891,raw,seed-40354565,0.64807
sp,24M,12.891,raw,seed-40354566,0.52869
sp,24M,12.891,raw,seed-40354567,0.63318
sp,24M,12.891,text,seed-40354564,0.37934
sp,24M,12.891,text,seed-40354565,0.34983
sp,24M,12.891,text,seed-40354566,0.4184
sp,24M,12.891,text,seed-40354567,0.46267
sp,24M,12.891,word,seed-40354564,0.35156
sp,24M,12.891,word,seed-40354565,0.41406
sp,24M,12.891,word,seed-40354566,0.28385
sp,24M,12.891,word,seed-40354567,0.31771
sp,24M,17.723,raw,seed-40354564,0.53943
sp,24M,17.723,raw,seed-40354565,0.7218
sp,24M,17.723,raw,seed-40354566,0.55261
sp,24M,17.723,raw,seed-40354567,0.60767
sp,24M,17.723,text,seed-40354564,0.34375
sp,24M,17.723,text,seed-40354565,0.37587
sp,24M,17.723,text,seed-40354566,0.4349
sp,24M,17.723,text,seed-40354567,0.48698
sp,24M,17.723,word,seed-40354564,0.40365
sp,24M,17.723,word,seed-40354565,0.44792
sp,24M,17.723,word,seed-40354566,0.41667
sp,24M,17.723,word,seed-40354567,0.35156
sp,24M,51.54,raw,seed-40354564,0.59143
sp,24M,51.54,raw,seed-40354565,0.72021
sp,24M,51.54,raw,seed-40354566,0.61865
sp,24M,51.54,raw,seed-40354567,0.58105
sp,24M,51.54,text,seed-40354564,0.30642
sp,24M,51.54,text,seed-40354565,0.40278
sp,24M,51.54,text,seed-40354566,0.30035
sp,24M,51.54,text,seed-40354567,0.42448
sp,24M,51.54,word,seed-40354564,0.45052
sp,24M,51.54,word,seed-40354565,0.41927
sp,24M,51.54,word,seed-40354566,0.43229
sp,24M,51.54,word,seed-40354567,0.5026
sp,3M,0.006,raw,seed-40354564,0.00244
sp,3M,0.006,raw,seed-40354565,0.0061
sp,3M,0.006,raw,seed-40354566,0.00427
sp,3M,0.006,raw,seed-40354567,0.00415
sp,3M,0.006,text,seed-40354564,0.00087
sp,3M,0.006,text,seed-40354565,0.0191
sp,3M,0.006,text,seed-40354566,0.00955
sp,3M,0.006,text,seed-40354567,0.00087
sp,3M,0.006,word,seed-40354564,0.0
sp,3M,0.006,word,seed-40354565,0.0026
sp,3M,0.006,word,seed-40354566,0.00521
sp,3M,0.006,word,seed-40354567,0.0
sp,3M,1.617,raw,seed-40354564,0.23853
sp,3M,1.617,raw,seed-40354565,0.15625
sp,3M,1.617,raw,seed-40354566,0.1073
sp,3M,1.617,raw,seed-40354567,0.11499
sp,3M,1.617,text,seed-40354564,0.00347
sp,3M,1.617,text,seed-40354565,0.00694
sp,3M,1.617,text,seed-40354566,0.00347
sp,3M,1.617,text,seed-40354567,0.00868
sp,3M,1.617,word,seed-40354564,0.01042
sp,3M,1.617,word,seed-40354565,0.02604
sp,3M,1.617,word,seed-40354566,0.03646
sp,3M,1.617,word,seed-40354567,0.09115
sp,3M,3.228,raw,seed-40354564,0.2832
sp,3M,3.228,raw,seed-40354565,0.03979
sp,3M,3.228,raw,seed-40354566,0.07812
sp,3M,3.228,raw,seed-40354567,0.16235
sp,3M,3.228,text,seed-40354564,0.08767
sp,3M,3.228,text,seed-40354565,0.00694
sp,3M,3.228,text,seed-40354566,0.00521
sp,3M,3.228,text,seed-40354567,0.00521
sp,3M,3.228,word,seed-40354564,0.19271
sp,3M,3.228,word,seed-40354565,0.01823
sp,3M,3.228,word,seed-40354566,0.01823
sp,3M,3.228,word,seed-40354567,0.07292
sp,3M,6.449,raw,seed-40354564,0.52209
sp,3M,6.449,raw,seed-40354565,0.20398
sp,3M,6.449,raw,seed-40354566,0.4126
sp,3M,6.449,raw,seed-40354567,0.26526
sp,3M,6.449,text,seed-40354564,0.14497
sp,3M,6.449,text,seed-40354565,0.01476
sp,3M,6.449,text,seed-40354566,0.10156
sp,3M,6.449,text,seed-40354567,0.13455
sp,3M,6.449,word,seed-40354564,0.24479
sp,3M,6.449,word,seed-40354565,0.04167
sp,3M,6.449,word,seed-40354566,0.3151
sp,3M,6.449,word,seed-40354567,0.06771
sp,3M,12.891,raw,seed-40354564,0.6012
sp,3M,12.891,raw,seed-40354565,0.35718
sp,3M,12.891,raw,seed-40354566,0.65039
sp,3M,12.891,raw,seed-40354567,0.354
sp,3M,12.891,text,seed-40354564,0.29861
sp,3M,12.891,text,seed-40354565,0.03733
sp,3M,12.891,text,seed-40354566,0.38108
sp,3M,12.891,text,seed-40354567,0.06858
sp,3M,12.891,word,seed-40354564,0.36979
sp,3M,12.891,word,seed-40354565,0.40104
sp,3M,12.891,word,seed-40354566,0.32031
sp,3M,12.891,word,seed-40354567,0.07292
sp,3M,17.723,raw,seed-40354564,0.67004
sp,3M,17.723,raw,seed-40354565,0.43225
sp,3M,17.723,raw,seed-40354566,0.66541
sp,3M,17.723,raw,seed-40354567,0.47839
sp,3M,17.723,text,seed-40354564,0.28646
sp,3M,17.723,text,seed-40354565,0.27691
sp,3M,17.723,text,seed-40354566,0.37847
sp,3M,17.723,text,seed-40354567,0.13542
sp,3M,17.723,word,seed-40354564,0.30469
sp,3M,17.723,word,seed-40354565,0.33073
sp,3M,17.723,word,seed-40354566,0.42188
sp,3M,17.723,word,seed-40354567,0.36719
sp,3M,51.54,raw,seed-40354564,0.63135
sp,3M,51.54,raw,seed-40354565,0.44324
sp,3M,51.54,raw,seed-40354566,0.66541
sp,3M,51.54,raw,seed-40354567,0.54199
sp,3M,51.54,text,seed-40354564,0.27778
sp,3M,51.54,text,seed-40354565,0.03038
sp,3M,51.54,text,seed-40354566,0.08073
sp,3M,51.54,text,seed-40354567,0.15104
sp,3M,51.54,word,seed-40354564,0.34115
sp,3M,51.54,word,seed-40354565,0.44271
sp,3M,51.54,word,seed-40354566,0.47656
sp,3M,51.54,word,seed-40354567,0.44271
sp,500k,0.006,raw,seed-40354564,0.00208
sp,500k,0.006,raw,seed-40354565,0.00415
sp,500k,0.006,raw,seed-40354566,0.00781
sp,500k,0.006,raw,seed-40354567,0.0022
sp,500k,0.006,text,seed-40354564,0.00434
sp,500k,0.006,text,seed-40354565,0.0
sp,500k,0.006,text,seed-40354566,0.0
sp,500k,0.006,text,seed-40354567,0.00087
sp,500k,0.006,word,seed-40354564,0.0
sp,500k,0.006,word,seed-40354565,0.0
sp,500k,0.006,word,seed-40354566,0.0
sp,500k,0.006,word,seed-40354567,0.0
sp,500k,1.617,raw,seed-40354564,0.25916
sp,500k,1.617,raw,seed-40354565,0.00464
sp,500k,1.617,raw,seed-40354566,0.01123
sp,500k,1.617,raw,seed-40354567,0.00281
sp,500k,1.617,text,seed-40354564,0.0
sp,500k,1.617,text,seed-40354565,0.00608
sp,500k,1.617,text,seed-40354566,0.00868
sp,500k,1.617,text,seed-40354567,0.01128
sp,500k,1.617,word,seed-40354564,0.0
sp,500k,1.617,word,seed-40354565,0.03906
sp,500k,1.617,word,seed-40354566,0.06771
sp,500k,1.617,word,seed-40354567,0.04427
sp,500k,3.228,raw,seed-40354564,0.2583
sp,500k,3.228,raw,seed-40354565,0.25037
sp,500k,3.228,raw,seed-40354566,0.14648
sp,500k,3.228,raw,seed-40354567,0.07935
sp,500k,3.228,text,seed-40354564,0.01042
sp,500k,3.228,text,seed-40354565,0.06076
sp,500k,3.228,text,seed-40354566,0.03646
sp,500k,3.228,text,seed-40354567,0.00608
sp,500k,3.228,word,seed-40354564,0.02344
sp,500k,3.228,word,seed-40354565,0.01562
sp,500k,3.228,word,seed-40354566,0.05208
sp,500k,3.228,word,seed-40354567,0.02344
sp,500k,6.449,raw,seed-40354564,0.24768
sp,500k,6.449,raw,seed-40354565,0.42639
sp,500k,6.449,raw,seed-40354566,0.15674
sp,500k,6.449,raw,seed-40354567,0.146
sp,500k,6.449,text,seed-40354564,0.00434
sp,500k,6.449,text,seed-40354565,0.36892
sp,500k,6.449,text,seed-40354566,0.03385
sp,500k,6.449,text,seed-40354567,0.03212
sp,500k,6.449,word,seed-40354564,0.0026
sp,500k,6.449,word,seed-40354565,0.44271
sp,500k,6.449,word,seed-40354566,0.04948
sp,500k,6.449,word,seed-40354567,0.0026
sp,500k,12.891,raw,seed-40354564,0.3551
sp,500k,12.891,raw,seed-40354565,0.40723
sp,500k,12.891,raw,seed-40354566,0.09705
sp,500k,12.891,raw,seed-40354567,0.26294
sp,500k,12.891,text,seed-40354564,0.19097
sp,500k,12.891,text,seed-40354565,0.28038
sp,500k,12.891,text,seed-40354566,0.03212
sp,500k,12.891,text,seed-40354567,0.03038
sp,500k,12.891,word,seed-40354564,0.42708
sp,500k,12.891,word,seed-40354565,0.32292
sp,500k,12.891,word,seed-40354566,0.09375
sp,500k,12.891,word,seed-40354567,0.15885
sp,500k,17.723,raw,seed-40354564,0.36328
sp,500k,17.723,raw,seed-40354565,0.46313
sp,500k,17.723,raw,seed-40354566,0.08057
sp,500k,17.723,raw,seed-40354567,0.3136
sp,500k,17.723,text,seed-40354564,0.16406
sp,500k,17.723,text,seed-40354565,0.37674
sp,500k,17.723,text,seed-40354566,0.01302
sp,500k,17.723,text,seed-40354567,0.15017
sp,500k,17.723,word,seed-40354564,0.41927
sp,500k,17.723,word,seed-40354565,0.43229
sp,500k,17.723,word,seed-40354566,0.15625
sp,500k,17.723,word,seed-40354567,0.45052
sp,500k,51.54,raw,seed-40354564,0.49353
sp,500k,51.54,raw,seed-40354565,0.50842
sp,500k,51.54,raw,seed-40354566,0.18225
sp,500k,51.54,raw,seed-40354567,0.45203
sp,500k,51.54,text,seed-40354564,0.30556
sp,500k,51.54,text,seed-40354565,0.39323
sp,500k,51.54,text,seed-40354566,0.02344
sp,500k,51.54,text,seed-40354567,0.38976
sp,500k,51.54,word,seed-40354564,0.51562
sp,500k,51.54,word,seed-40354565,0.53906
sp,500k,51.54,word,seed-40354566,0.21615
sp,500k,51.54,word,seed-40354567,0.57812
sp,6M,0.006,raw,seed-40354564,0.00317
sp,6M,0.006,raw,seed-40354565,0.00317
sp,6M,0.006,raw,seed-40354566,0.00256
sp,6M,0.006,raw,seed-40354567,0.00232
sp,6M,0.006,text,seed-40354564,0.00521
sp,6M,0.006,text,seed-40354565,0.00868
sp,6M,0.006,text,seed-40354566,0.00174
sp,6M,0.006,text,seed-40354567,0.00347
sp,6M,0.006,word,seed-40354564,0.00521
sp,6M,0.006,word,seed-40354565,0.0
sp,6M,0.006,word,seed-40354566,0.0026
sp,6M,0.006,word,seed-40354567,0.0
sp,6M,1.617,raw,seed-40354564,0.10779
sp,6M,1.617,raw,seed-40354565,0.14099
sp,6M,1.617,raw,seed-40354566,0.13086
sp,6M,1.617,raw,seed-40354567,0.31958
sp,6M,1.617,text,seed-40354564,0.0
sp,6M,1.617,text,seed-40354565,0.00868
sp,6M,1.617,text,seed-40354566,0.01562
sp,6M,1.617,text,seed-40354567,0.12413
sp,6M,1.617,word,seed-40354564,0.00521
sp,6M,1.617,word,seed-40354565,0.00781
sp,6M,1.617,word,seed-40354566,0.04167
sp,6M,1.617,word,seed-40354567,0.01562
sp,6M,3.228,raw,seed-40354564,0.19055
sp,6M,3.228,raw,seed-40354565,0.21765
sp,6M,3.228,raw,seed-40354566,0.50159
sp,6M,3.228,raw,seed-40354567,0.47241
sp,6M,3.228,text,seed-40354564,0.03472
sp,6M,3.228,text,seed-40354565,0.19878
sp,6M,3.228,text,seed-40354566,0.28212
sp,6M,3.228,text,seed-40354567,0.13281
sp,6M,3.228,word,seed-40354564,0.09896
sp,6M,3.228,word,seed-40354565,0.39323
sp,6M,3.228,word,seed-40354566,0.41927
sp,6M,3.228,word,seed-40354567,0.33073
sp,6M,6.449,raw,seed-40354564,0.30334
sp,6M,6.449,raw,seed-40354565,0.56592
sp,6M,6.449,raw,seed-40354566,0.60022
sp,6M,6.449,raw,seed-40354567,0.6167
sp,6M,6.449,text,seed-40354564,0.03993
sp,6M,6.449,text,seed-40354565,0.26649
sp,6M,6.449,text,seed-40354566,0.45226
sp,6M,6.449,text,seed-40354567,0.39497
sp,6M,6.449,word,seed-40354564,0.31771
sp,6M,6.449,word,seed-40354565,0.43229
sp,6M,6.449,word,seed-40354566,0.27865
sp,6M,6.449,word,seed-40354567,0.35677
sp,6M,12.891,raw,seed-40354564,0.56921
sp,6M,12.891,raw,seed-40354565,0.50781
sp,6M,12.891,raw,seed-40354566,0.54138
sp,6M,12.891,raw,seed-40354567,0.60144
sp,6M,12.891,text,seed-40354564,0.34549
sp,6M,12.891,text,seed-40354565,0.37153
sp,6M,12.891,text,seed-40354566,0.34722
sp,6M,12.891,text,seed-40354567,0.30035
sp,6M,12.891,word,seed-40354564,0.41667
sp,6M,12.891,word,seed-40354565,0.42188
sp,6M,12.891,word,seed-40354566,0.36719
sp,6M,12.891,word,seed-40354567,0.29948
sp,6M,17.723,raw,seed-40354564,0.61035
sp,6M,17.723,raw,seed-40354565,0.64136
sp,6M,17.723,raw,seed-40354566,0.46802
sp,6M,17.723,raw,seed-40354567,0.62756
sp,6M,17.723,text,seed-40354564,0.46701
sp,6M,17.723,text,seed-40354565,0.45312
sp,6M,17.723,text,seed-40354566,0.42795
sp,6M,17.723,text,seed-40354567,0.40972
sp,6M,17.723,word,seed-40354564,0.4349
sp,6M,17.723,word,seed-40354565,0.39062
sp,6M,17.723,word,seed-40354566,0.45052
sp,6M,17.723,word,seed-40354567,0.33854
sp,6M,51.54,raw,seed-40354564,0.76953
sp,6M,51.54,raw,seed-40354565,0.6615
sp,6M,51.54,raw,seed-40354566,0.64136
sp,6M,51.54,raw,seed-40354567,0.73022
sp,6M,51.54,text,seed-40354564,0.40278
sp,6M,51.54,text,seed-40354565,0.39062
sp,6M,51.54,text,seed-40354566,0.41233
sp,6M,51.54,text,seed-40354567,0.1033
sp,6M,51.54,word,seed-40354564,0.375
sp,6M,51.54,word,seed-40354565,0.35677
sp,6M,51.54,word,seed-40354566,0.46354
sp,6M,51.54,word,seed-40354567,0.34375
sp2dclm,100k,0.05,raw,seed-0,0.05273
sp2dclm,100k,0.05,text,seed-0,0.0026
sp2dclm,100k,0.05,word,seed-0,0.0
sp2dclm,100k,0.1,raw,seed-0,0.02734
sp2dclm,100k,0.1,text,seed-0,0.00868
sp2dclm,100k,0.1,word,seed-0,0.0
sp2dclm,100k,0.25,raw,seed-0,0.01941
sp2dclm,100k,0.25,text,seed-0,0.00347
sp2dclm,100k,0.25,word,seed-0,0.00521
sp2dclm,100k,0.5,raw,seed-0,0.00952
sp2dclm,100k,0.5,text,seed-0,0.0
sp2dclm,100k,0.5,word,seed-0,0.0
sp2dclm,1M,0.05,raw,seed-0,0.19556
sp2dclm,1M,0.05,text,seed-0,0.08073
sp2dclm,1M,0.05,word,seed-0,0.30729
sp2dclm,1M,0.1,raw,seed-0,0.07385
sp2dclm,1M,0.1,text,seed-0,0.11806
sp2dclm,1M,0.1,word,seed-0,0.39844
sp2dclm,1M,0.25,raw,seed-0,0.02454
sp2dclm,1M,0.25,text,seed-0,0.14931
sp2dclm,1M,0.25,word,seed-0,0.38802
sp2dclm,1M,0.5,raw,seed-0,0.04138
sp2dclm,1M,0.5,text,seed-0,0.15278
sp2dclm,1M,0.5,word,seed-0,0.42708
sp2dclm,24M,0.05,raw,seed-0,0.05933
sp2dclm,24M,0.05,text,seed-0,0.20833
sp2dclm,24M,0.05,word,seed-0,0.55208
sp2dclm,24M,0.1,raw,seed-0,0.06653
sp2dclm,24M,0.1,text,seed-0,0.2526
sp2dclm,24M,0.1,word,seed-0,0.60156
sp2dclm,24M,0.25,raw,seed-0,0.0752
sp2dclm,24M,0.25,text,seed-0,0.21267
sp2dclm,24M,0.25,word,seed-0,0.61979
sp2dclm,24M,0.5,raw,seed-0,0.07312
sp2dclm,24M,0.5,text,seed-0,0.22569
sp2dclm,24M,0.5,word,seed-0,0.61458
sp2dclm,3M,0.05,raw,seed-0,0.08752
sp2dclm,3M,0.05,text,seed-0,0.21528
sp2dclm,3M,0.05,word,seed-0,0.52083
sp2dclm,3M,0.1,raw,seed-0,0.07776
sp2dclm,3M,0.1,text,seed-0,0.20052
sp2dclm,3M,0.1,word,seed-0,0.51562
sp2dclm,3M,0.25,raw,seed-0,0.06995
sp2dclm,3M,0.25,text,seed-0,0.1875
sp2dclm,3M,0.25,word,seed-0,0.50781
sp2dclm,3M,0.5,raw,seed-0,0.06177
sp2dclm,3M,0.5,text,seed-0,0.18316
sp2dclm,3M,0.5,word,seed-0,0.5625
sp2dclm,500k,0.05,raw,seed-0,0.16797
sp2dclm,500k,0.05,text,seed-0,0.17274
sp2dclm,500k,0.05,word,seed-0,0.35677
sp2dclm,500k,0.1,raw,seed-0,0.08105
sp2dclm,500k,0.1,text,seed-0,0.13281
sp2dclm,500k,0.1,word,seed-0,0.35677
sp2dclm,500k,0.25,raw,seed-0,0.026
sp2dclm,500k,0.25,text,seed-0,0.13802
sp2dclm,500k,0.25,word,seed-0,0.42448
sp2dclm,500k,0.5,raw,seed-0,0.0271
sp2dclm,500k,0.5,text,seed-0,0.10417
sp2dclm,500k,0.5,word,seed-0,0.4401
sp2dclm,6M,0.05,raw,seed-0,0.05969
sp2dclm,6M,0.05,text,seed-0,0.23958
sp2dclm,6M,0.05,word,seed-0,0.56771
sp2dclm,6M,0.1,raw,seed-0,0.06006
sp2dclm,6M,0.1,text,seed-0,0.22049
sp2dclm,6M,0.1,word,seed-0,0.5625
sp2dclm,6M,0.25,raw,seed-0,0.0564
sp2dclm,6M,0.25,text,seed-0,0.2526
sp2dclm,6M,0.25,word,seed-0,0.60417
sp2dclm,6M,0.5,raw,seed-0,0.07227
sp2dclm,6M,0.5,text,seed-0,0.23438
sp2dclm,6M,0.5,word,seed-0,0.6276
up,100k,1.078,raw,seed-40354564,0.0022
up,100k,1.078,raw,seed-40354565,0.00415
up,100k,1.078,text,seed-40354564,0.0
up,100k,1.078,text,seed-40354565,0.0
up,100k,1.078,word,seed-40354564,0.0
up,100k,1.078,word,seed-40354565,0.01302
up,100k,2.152,raw,seed-40354564,0.0033
up,100k,2.152,raw,seed-40354565,0.00195
up,100k,2.152,text,seed-40354564,0.0
up,100k,2.152,text,seed-40354565,0.0
up,100k,2.152,word,seed-40354564,0.0
up,100k,2.152,word,seed-40354565,0.0
up,100k,4.299,raw,seed-40354564,0.0022
up,100k,4.299,raw,seed-40354565,0.0033
up,100k,4.299,raw,seed-40354566,0.00305
up,100k,4.299,raw,seed-40354567,0.00195
up,100k,4.299,text,seed-40354564,0.00781
up,100k,4.299,text,seed-40354565,0.00087
up,100k,4.299,text,seed-40354566,0.0
up,100k,4.299,text,seed-40354567,0.0
up,100k,4.299,word,seed-40354564,0.0
up,100k,4.299,word,seed-40354565,0.0
up,100k,4.299,word,seed-40354566,0.0
up,100k,4.299,word,seed-40354567,0.00781
up,100k,8.594,raw,seed-40354564,0.00549
up,100k,8.594,raw,seed-40354565,0.00684
up,100k,8.594,raw,seed-40354566,0.01526
up,100k,8.594,raw,seed-40354567,0.00476
up,100k,8.594,text,seed-40354564,0.0
up,100k,8.594,text,seed-40354565,0.0
up,100k,8.594,text,seed-40354566,0.0
up,100k,8.594,text,seed-40354567,0.03472
up,100k,8.594,word,seed-40354564,0.0
up,100k,8.594,word,seed-40354565,0.0
up,100k,8.594,word,seed-40354566,0.0026
up,100k,8.594,word,seed-40354567,0.03906
up,100k,11.815,raw,seed-40354564,0.03113
up,100k,11.815,raw,seed-40354565,0.00903
up,100k,11.815,raw,seed-40354566,0.00549
up,100k,11.815,raw,seed-40354567,0.01086
up,100k,11.815,text,seed-40354564,0.0
up,100k,11.815,text,seed-40354565,0.00347
up,100k,11.815,text,seed-40354566,0.0
up,100k,11.815,text,seed-40354567,0.0
up,100k,11.815,word,seed-40354564,0.0026
up,100k,11.815,word,seed-40354565,0.04427
up,100k,11.815,word,seed-40354566,0.0
up,100k,11.815,word,seed-40354567,0.0
up,100k,34.36,raw,seed-40354564,0.01392
up,100k,34.36,raw,seed-40354565,0.01697
up,100k,34.36,raw,seed-40354566,0.04053
up,100k,34.36,raw,seed-40354567,0.01477
up,100k,34.36,text,seed-40354564,0.0
up,100k,34.36,text,seed-40354565,0.00521
up,100k,34.36,text,seed-40354566,0.0
up,100k,34.36,text,seed-40354567,0.0026
up,100k,34.36,word,seed-40354564,0.0
up,100k,34.36,word,seed-40354565,0.00521
up,100k,34.36,word,seed-40354566,0.0
up,100k,34.36,word,seed-40354567,0.0026
up,1M,1.078,raw,seed-40354564,0.00208
up,1M,1.078,raw,seed-40354565,0.00195
up,1M,1.078,raw,seed-40354566,0.00208
up,1M,1.078,raw,seed-40354567,0.00439
up,1M,1.078,text,seed-40354564,0.0
up,1M,1.078,text,seed-40354565,0.0
up,1M,1.078,text,seed-40354566,0.0
up,1M,1.078,text,seed-40354567,0.0
up,1M,1.078,word,seed-40354564,0.0
up,1M,1.078,word,seed-40354565,0.0
up,1M,1.078,word,seed-40354566,0.0
up,1M,1.078,word,seed-40354567,0.0
up,1M,2.152,raw,seed-40354564,0.00842
up,1M,2.152,raw,seed-40354565,0.0022
up,1M,2.152,raw,seed-40354566,0.00232
up,1M,2.152,raw,seed-40354567,0.00464
up,1M,2.152,text,seed-40354564,0.0
up,1M,2.152,text,seed-40354565,0.0
up,1M,2.152,text,seed-40354566,0.0
up,1M,2.152,text,seed-40354567,0.0
up,1M,2.152,word,seed-40354564,0.0
up,1M,2.152,word,seed-40354565,0.0
up,1M,2.152,word,seed-40354566,0.0
up,1M,2.152,word,seed-40354567,0.0
up,1M,4.299,raw,seed-40354564,0.00415
up,1M,4.299,raw,seed-40354565,0.00403
up,1M,4.299,raw,seed-40354566,0.00195
up,1M,4.299,raw,seed-40354567,0.00659
up,1M,4.299,text,seed-40354564,0.0
up,1M,4.299,text,seed-40354565,0.02344
up,1M,4.299,text,seed-40354566,0.0
up,1M,4.299,text,seed-40354567,0.0
up,1M,4.299,word,seed-40354564,0.0
up,1M,4.299,word,seed-40354565,0.01562
up,1M,4.299,word,seed-40354566,0.0
up,1M,4.299,word,seed-40354567,0.0
up,1M,8.594,raw,seed-40354564,0.00098
up,1M,8.594,raw,seed-40354565,0.00549
up,1M,8.594,raw,seed-40354566,0.00671
up,1M,8.594,raw,seed-40354567,0.0033
up,1M,8.594,text,seed-40354564,0.0
up,1M,8.594,text,seed-40354565,0.0
up,1M,8.594,text,seed-40354566,0.01736
up,1M,8.594,text,seed-40354567,0.02431
up,1M,8.594,word,seed-40354564,0.0
up,1M,8.594,word,seed-40354565,0.0
up,1M,8.594,word,seed-40354566,0.05729
up,1M,8.594,word,seed-40354567,0.01562
up,1M,11.815,raw,seed-40354564,0.00598
up,1M,11.815,raw,seed-40354565,0.00232
up,1M,11.815,raw,seed-40354566,0.01074
up,1M,11.815,raw,seed-40354567,0.00903
up,1M,11.815,text,seed-40354564,0.00087
up,1M,11.815,text,seed-40354565,0.02344
up,1M,11.815,text,seed-40354566,0.00087
up,1M,11.815,text,seed-40354567,0.0
up,1M,11.815,word,seed-40354564,0.03125
up,1M,11.815,word,seed-40354565,0.03385
up,1M,11.815,word,seed-40354566,0.0
up,1M,11.815,word,seed-40354567,0.0
up,1M,34.36,raw,seed-40354564,0.00403
up,1M,34.36,raw,seed-40354565,0.00562
up,1M,34.36,raw,seed-40354566,0.0072
up,1M,34.36,raw,seed-40354567,0.01208
up,1M,34.36,text,seed-40354564,0.01736
up,1M,34.36,text,seed-40354565,0.0
up,1M,34.36,text,seed-40354566,0.01215
up,1M,34.36,text,seed-40354567,0.0
up,1M,34.36,word,seed-40354564,0.04688
up,1M,34.36,word,seed-40354565,0.0
up,1M,34.36,word,seed-40354566,0.02083
up,1M,34.36,word,seed-40354567,0.0
up,3M,0.008,raw,seed-40354564,0.00037
up,3M,0.008,raw,seed-40354565,0.00623
up,3M,0.008,raw,seed-40354566,0.00134
up,3M,0.008,raw,seed-40354567,0.00793
up,3M,0.008,text,seed-40354564,0.0
up,3M,0.008,text,seed-40354565,0.00955
up,3M,0.008,text,seed-40354566,0.01128
up,3M,0.008,text,seed-40354567,0.00347
up,3M,0.008,word,seed-40354564,0.0
up,3M,0.008,word,seed-40354565,0.00521
up,3M,0.008,word,seed-40354566,0.00521
up,3M,0.008,word,seed-40354567,0.0
up,3M,2.156,raw,seed-40354564,0.00439
up,3M,2.156,raw,seed-40354565,0.01025
up,3M,2.156,raw,seed-40354566,0.00354
up,3M,2.156,raw,seed-40354567,0.01001
up,3M,2.156,text,seed-40354564,0.0
up,3M,2.156,text,seed-40354565,0.0
up,3M,2.156,text,seed-40354566,0.02778
up,3M,2.156,text,seed-40354567,0.0
up,3M,2.156,word,seed-40354564,0.0
up,3M,2.156,word,seed-40354565,0.0
up,3M,2.156,word,seed-40354566,0.04167
up,3M,2.156,word,seed-40354567,0.0
up,3M,4.303,raw,seed-40354564,0.00989
up,3M,4.303,raw,seed-40354565,0.01477
up,3M,4.303,raw,seed-40354566,0.00842
up,3M,4.303,raw,seed-40354567,0.01733
up,3M,4.303,text,seed-40354564,0.0
up,3M,4.303,text,seed-40354565,0.0
up,3M,4.303,text,seed-40354566,0.00347
up,3M,4.303,text,seed-40354567,0.00347
up,3M,4.303,word,seed-40354564,0.01562
up,3M,4.303,word,seed-40354565,0.0
up,3M,4.303,word,seed-40354566,0.0
up,3M,4.303,word,seed-40354567,0.0
up,3M,8.598,raw,seed-40354564,0.01172
up,3M,8.598,raw,seed-40354565,0.01282
up,3M,8.598,raw,seed-40354566,0.00195
up,3M,8.598,raw,seed-40354567,0.01648
up,3M,8.598,text,seed-40354564,0.0
up,3M,8.598,text,seed-40354565,0.0
up,3M,8.598,text,seed-40354566,0.0
up,3M,8.598,text,seed-40354567,0.01997
up,3M,8.598,word,seed-40354564,0.01562
up,3M,8.598,word,seed-40354565,0.0
up,3M,8.598,word,seed-40354566,0.0
up,3M,8.598,word,seed-40354567,0.03125
up,3M,17.188,raw,seed-40354564,0.05542
up,3M,17.188,raw,seed-40354565,0.07336
up,3M,17.188,raw,seed-40354566,0.05554
up,3M,17.188,raw,seed-40354567,0.06348
up,3M,17.188,text,seed-40354564,0.00174
up,3M,17.188,text,seed-40354565,0.0
up,3M,17.188,text,seed-40354566,0.00694
up,3M,17.188,text,seed-40354567,0.00174
up,3M,17.188,word,seed-40354564,0.0
up,3M,17.188,word,seed-40354565,0.0
up,3M,17.188,word,seed-40354566,0.04427
up,3M,17.188,word,seed-40354567,0.01042
up,3M,23.631,raw,seed-40354564,0.06836
up,3M,23.631,raw,seed-40354565,0.04675
up,3M,23.631,raw,seed-40354566,0.06836
up,3M,23.631,raw,seed-40354567,0.13892
up,3M,23.631,text,seed-40354564,0.0
up,3M,23.631,text,seed-40354565,0.0
up,3M,23.631,text,seed-40354566,0.0
up,3M,23.631,text,seed-40354567,0.0
up,3M,23.631,word,seed-40354564,0.0
up,3M,23.631,word,seed-40354565,0.0
up,3M,23.631,word,seed-40354566,0.0
up,3M,23.631,word,seed-40354567,0.0
up,3M,68.719,raw,seed-40354564,0.245
up,3M,68.719,raw,seed-40354565,0.23218
up,3M,68.719,raw,seed-40354566,0.19763
up,3M,68.719,raw,seed-40354567,0.25342
up,3M,68.719,text,seed-40354564,0.0
up,3M,68.719,text,seed-40354565,0.00087
up,3M,68.719,text,seed-40354566,0.00087
up,3M,68.719,text,seed-40354567,0.0
up,3M,68.719,word,seed-40354564,0.0
up,3M,68.719,word,seed-40354565,0.0
up,3M,68.719,word,seed-40354566,0.0026
up,3M,68.719,word,seed-40354567,0.0026
up,500k,0.008,raw,seed-40354564,0.00269
up,500k,0.008,raw,seed-40354565,0.00891
up,500k,0.008,raw,seed-40354566,0.00769
up,500k,0.008,raw,seed-40354567,0.00024
up,500k,0.008,text,seed-40354564,0.00434
up,500k,0.008,text,seed-40354565,0.0
up,500k,0.008,text,seed-40354566,0.0
up,500k,0.008,text,seed-40354567,0.0
up,500k,0.008,word,seed-40354564,0.0
up,500k,0.008,word,seed-40354565,0.0
up,500k,0.008,word,seed-40354566,0.0
up,500k,0.008,word,seed-40354567,0.0
up,500k,2.156,raw,seed-40354564,0.00366
up,500k,2.156,raw,seed-40354565,0.00232
up,500k,2.156,raw,seed-40354566,0.00256
up,500k,2.156,raw,seed-40354567,0.00391
up,500k,2.156,text,seed-40354564,0.0
up,500k,2.156,text,seed-40354565,0.0
up,500k,2.156,text,seed-40354566,0.01128
up,500k,2.156,text,seed-40354567,0.0
up,500k,2.156,word,seed-40354564,0.0
up,500k,2.156,word,seed-40354565,0.0
up,500k,2.156,word,seed-40354566,0.02604
up,500k,2.156,word,seed-40354567,0.0
up,500k,4.303,raw,seed-40354564,0.00342
up,500k,4.303,raw,seed-40354565,0.00964
up,500k,4.303,raw,seed-40354566,0.00317
up,500k,4.303,raw,seed-40354567,0.00232
up,500k,4.303,text,seed-40354564,0.0
up,500k,4.303,text,seed-40354565,0.0
up,500k,4.303,text,seed-40354566,0.0
up,500k,4.303,text,seed-40354567,0.0
up,500k,4.303,word,seed-40354564,0.0
up,500k,4.303,word,seed-40354565,0.0
up,500k,4.303,word,seed-40354566,0.0
up,500k,4.303,word,seed-40354567,0.0
up,500k,8.598,raw,seed-40354564,0.00208
up,500k,8.598,raw,seed-40354565,0.0061
up,500k,8.598,raw,seed-40354566,0.00208
up,500k,8.598,raw,seed-40354567,0.00232
up,500k,8.598,text,seed-40354564,0.00087
up,500k,8.598,text,seed-40354565,0.00087
up,500k,8.598,text,seed-40354566,0.01736
up,500k,8.598,text,seed-40354567,0.02257
up,500k,8.598,word,seed-40354564,0.03385
up,500k,8.598,word,seed-40354565,0.0
up,500k,8.598,word,seed-40354566,0.05469
up,500k,8.598,word,seed-40354567,0.02865
up,500k,17.188,raw,seed-40354564,0.01074
up,500k,17.188,raw,seed-40354565,0.01343
up,500k,17.188,raw,seed-40354566,0.00671
up,500k,17.188,raw,seed-40354567,0.00317
up,500k,17.188,text,seed-40354564,0.0
up,500k,17.188,text,seed-40354565,0.0
up,500k,17.188,text,seed-40354566,0.0026
up,500k,17.188,text,seed-40354567,0.00087
up,500k,17.188,word,seed-40354564,0.01302
up,500k,17.188,word,seed-40354565,0.02344
up,500k,17.188,word,seed-40354566,0.02344
up,500k,17.188,word,seed-40354567,0.05208
up,500k,23.631,raw,seed-40354564,0.02234
up,500k,23.631,raw,seed-40354565,0.02173
up,500k,23.631,raw,seed-40354566,0.02112
up,500k,23.631,raw,seed-40354567,0.00671
up,500k,23.631,text,seed-40354564,0.00347
up,500k,23.631,text,seed-40354565,0.0
up,500k,23.631,text,seed-40354566,0.00087
up,500k,23.631,text,seed-40354567,0.0
up,500k,23.631,word,seed-40354564,0.01562
up,500k,23.631,word,seed-40354565,0.0
up,500k,23.631,word,seed-40354566,0.0026
up,500k,23.631,word,seed-40354567,0.01302
up,500k,68.719,raw,seed-40354564,0.21033
up,500k,68.719,raw,seed-40354565,0.07703
up,500k,68.719,raw,seed-40354566,0.00671
up,500k,68.719,raw,seed-40354567,0.00708
up,500k,68.719,text,seed-40354564,0.0
up,500k,68.719,text,seed-40354565,0.01823
up,500k,68.719,text,seed-40354566,0.00087
up,500k,68.719,text,seed-40354567,0.00781
up,500k,68.719,word,seed-40354564,0.0
up,500k,68.719,word,seed-40354565,0.04167
up,500k,68.719,word,seed-40354566,0.0026
up,500k,68.719,word,seed-40354567,0.04167
up,6M,1.078,raw,seed-40354564,0.01013
up,6M,1.078,raw,seed-40354565,0.00415
up,6M,1.078,raw,seed-40354566,0.01147
up,6M,1.078,raw,seed-40354567,0.00488
up,6M,1.078,text,seed-40354564,0.0
up,6M,1.078,text,seed-40354565,0.0
up,6M,1.078,text,seed-40354566,0.0
up,6M,1.078,text,seed-40354567,0.0
up,6M,1.078,word,seed-40354564,0.0
up,6M,1.078,word,seed-40354565,0.0
up,6M,1.078,word,seed-40354566,0.0
up,6M,1.078,word,seed-40354567,0.0
up,6M,2.152,raw,seed-40354564,0.00427
up,6M,2.152,raw,seed-40354565,0.00549
up,6M,2.152,raw,seed-40354566,0.00439
up,6M,2.152,raw,seed-40354567,0.01624
up,6M,2.152,text,seed-40354564,0.0
up,6M,2.152,text,seed-40354565,0.0
up,6M,2.152,text,seed-40354566,0.00174
up,6M,2.152,text,seed-40354567,0.0
up,6M,2.152,word,seed-40354564,0.0
up,6M,2.152,word,seed-40354565,0.0
up,6M,2.152,word,seed-40354566,0.0
up,6M,2.152,word,seed-40354567,0.0
up,6M,4.299,raw,seed-40354564,0.01208
up,6M,4.299,raw,seed-40354565,0.0072
up,6M,4.299,raw,seed-40354566,0.00562
up,6M,4.299,raw,seed-40354567,0.01404
up,6M,4.299,text,seed-40354564,0.0
up,6M,4.299,text,seed-40354565,0.0
up,6M,4.299,text,seed-40354566,0.00087
up,6M,4.299,text,seed-40354567,0.0
up,6M,4.299,word,seed-40354564,0.0
up,6M,4.299,word,seed-40354565,0.01042
up,6M,4.299,word,seed-40354566,0.00781
up,6M,4.299,word,seed-40354567,0.0
up,6M,8.594,raw,seed-40354564,0.01501
up,6M,8.594,raw,seed-40354565,0.00818
up,6M,8.594,raw,seed-40354566,0.01294
up,6M,8.594,raw,seed-40354567,0.01733
up,6M,8.594,text,seed-40354564,0.0
up,6M,8.594,text,seed-40354565,0.0
up,6M,8.594,text,seed-40354566,0.00174
up,6M,8.594,text,seed-40354567,0.0
up,6M,8.594,word,seed-40354564,0.0
up,6M,8.594,word,seed-40354565,0.0
up,6M,8.594,word,seed-40354566,0.0
up,6M,8.594,word,seed-40354567,0.0
up,6M,11.815,raw,seed-40354564,0.0022
up,6M,11.815,raw,seed-40354565,0.01233
up,6M,11.815,raw,seed-40354566,0.01343
up,6M,11.815,raw,seed-40354567,0.01587
up,6M,11.815,text,seed-40354564,0.00955
up,6M,11.815,text,seed-40354565,0.00087
up,6M,11.815,text,seed-40354566,0.0
up,6M,11.815,text,seed-40354567,0.00521
up,6M,11.815,word,seed-40354564,0.02604
up,6M,11.815,word,seed-40354565,0.0
up,6M,11.815,word,seed-40354566,0.0
up,6M,11.815,word,seed-40354567,0.0
up,6M,34.36,raw,seed-40354564,0.0083
up,6M,34.36,raw,seed-40354565,0.00574
up,6M,34.36,raw,seed-40354566,0.00208
up,6M,34.36,raw,seed-40354567,0.01807
up,6M,34.36,text,seed-40354564,0.0
up,6M,34.36,text,seed-40354565,0.0
up,6M,34.36,text,seed-40354566,0.01042
up,6M,34.36,text,seed-40354567,0.0
up,6M,34.36,word,seed-40354564,0.0
up,6M,34.36,word,seed-40354565,0.0
up,6M,34.36,word,seed-40354566,0.03385
up,6M,34.36,word,seed-40354567,0.0
