size,round,tokens,dclm_bpb
100k,0,0.0063,8.855
100k,256,1.6169,7.7041
100k,512,3.2275,7.6802
100k,768,4.8381,7.4904
100k,1024,6.4487,7.2646
100k,1280,8.0594,7.2947
100k,1536,9.67,7.467
100k,1792,11.2806,7.892
100k,2048,12.8912,7.6327
100k,2304,14.5018,7.6578
100k,2560,16.1124,7.4466
100k,2816,17.723,7.6402
100k,3072,19.3336,7.5083
100k,3328,20.9443,7.6163
100k,3584,22.5549,7.7069
100k,3840,24.1655,7.4574
100k,4096,25.7761,7.4617
100k,4352,27.3867,7.3625
100k,4608,28.9973,7.4541
100k,4864,30.6079,7.5225
100k,5120,32.2185,7.4933
100k,5376,33.8292,7.2621
100k,5632,35.4398,7.3353
100k,5888,37.0504,7.2816
100k,6144,38.661,7.3891
100k,6400,40.2716,7.2105
100k,6656,41.8822,7.3667
100k,6912,43.4928,7.2716
100k,7168,45.1034,7.226
100k,7424,46.7141,7.3461
100k,7680,48.3247,7.2994
100k,7936,49.9353,7.3511
100k,8191,51.5396,7.3859
1M,0,0.0063,8.7598
1M,256,1.6169,8.4028
1M,512,3.2275,8.5012
1M,768,4.8381,8.4009
1M,1024,6.4487,7.8359
1M,1280,8.0594,7.189
1M,1536,9.67,6.9801
1M,1792,11.2806,6.754
1M,2048,12.8912,6.3904
1M,2304,14.5018,6.286
1M,2560,16.1124,6.406
1M,2816,17.723,6.7642
1M,3072,19.3336,6.61
1M,3328,20.9443,6.7528
1M,3584,22.5549,6.687
1M,3840,24.1655,6.7445
1M,4096,25.7761,6.8673
1M,4352,27.3867,6.7873
1M,4608,28.9973,6.7878
1M,4864,30.6079,6.7738
1M,5120,32.2185,6.7131
1M,5376,33.8292,6.7602
1M,5632,35.4398,6.7369
1M,5888,37.0504,6.7521
1M,6144,38.661,6.6113
1M,6400,40.2716,6.6497
1M,6656,41.8822,7.1538
1M,6912,43.4928,6.9031
1M,7168,45.1034,6.6809
1M,7424,46.7141,6.545
1M,7680,48.3247,6.9337
1M,7936,49.9353,6.7473
1M,8191,51.5396,6.8982
24M,0,0.0063,8.6518
24M,256,1.6169,7.83
24M,512,3.2275,6.2615
24M,768,4.8381,6.0457
24M,1024,6.4487,6.2843
24M,1280,8.0594,6.7225
24M,1536,9.67,6.7274
24M,1792,11.2806,6.7841
24M,2048,12.8912,6.492
24M,2304,14.5018,6.3273
24M,2560,16.1124,6.2438
24M,2816,17.723,6.2141
24M,3072,19.3336,6.234
24M,3328,20.9443,6.2915
24M,3584,22.5549,6.0638
24M,3840,24.1655,5.9256
24M,4096,25.7761,6.0689
24M,4352,27.3867,5.9075
24M,4608,28.9973,6.0485
24M,4864,30.6079,5.9612
24M,5120,32.2185,5.9646
24M,5376,33.8292,5.9353
24M,5632,35.4398,5.8232
24M,5888,37.0504,5.8172
24M,6144,38.661,5.8155
24M,6400,40.2716,5.9917
24M,6656,41.8822,5.9175
24M,6912,43.4928,5.8924
24M,7168,45.1034,5.8045
24M,7424,46.7141,5.7478
24M,7680,48.3247,5.8114
24M,7936,49.9353,5.854
24M,8191,51.5396,5.8193
3M,0,0.0063,8.7717
3M,256,1.6169,8.878
3M,512,3.2275,8.0638
3M,768,4.8381,7.6027
3M,1024,6.4487,7.4363
3M,1280,8.0594,7.1562
3M,1536,9.67,6.7757
3M,1792,11.2806,6.6592
3M,2048,12.8912,6.4822
3M,2304,14.5018,6.3784
3M,2560,16.1124,6.301
3M,2816,17.723,6.2622
3M,3072,19.3336,6.4198
3M,3328,20.9443,6.4227
3M,3584,22.5549,6.619
3M,3840,24.1655,6.6037
3M,4096,25.7761,6.4046
3M,4352,27.3867,6.2659
3M,4608,28.9973,6.2678
3M,4864,30.6079,6.3874
3M,5120,32.2185,6.4244
3M,5376,33.8292,6.2635
3M,5632,35.4398,6.36
3M,5888,37.0504,6.4762
3M,6144,38.661,6.5874
3M,6400,40.2716,6.3348
3M,6656,41.8822,6.3701
3M,6912,43.4928,6.4574
3M,7168,45.1034,6.3472
3M,7424,46.7141,6.2525
3M,7680,48.3247,6.3256
3M,7936,49.9353,6.3355
3M,8191,51.5396,6.5242
500k,0,0.0063,8.6658
500k,256,1.6169,7.8928
500k,512,3.2275,7.7507
500k,768,4.8381,7.8748
500k,1024,6.4487,7.4123
500k,1280,8.0594,7.8265
500k,1536,9.67,7.1625
500k,1792,11.2806,6.8397
500k,2048,12.8912,6.7011
500k,2304,14.5018,6.4877
500k,2560,16.1124,6.4181
500k,2816,17.723,6.2972
500k,3072,19.3336,6.4167
500k,3328,20.9443,6.4259
500k,3584,22.5549,6.4135
500k,3840,24.1655,6.4695
500k,4096,25.7761,6.5384
500k,4352,27.3867,6.7246
500k,4608,28.9973,6.5051
500k,4864,30.6079,6.5976
500k,5120,32.2185,6.4505
500k,5376,33.8292,6.5435
500k,5632,35.4398,6.6347
500k,5888,37.0504,6.4719
500k,6144,38.661,6.5902
500k,6400,40.2716,6.5608
500k,6656,41.8822,6.5119
500k,6912,43.4928,6.5234
500k,7168,45.1034,6.5105
500k,7424,46.7141,6.5732
500k,7680,48.3247,6.5604
500k,7936,49.9353,6.4826
500k,8191,51.5396,6.4418
6M,0,0.0063,8.8168
6M,256,1.6169,8.0906
6M,512,3.2275,7.414
6M,768,4.8381,6.8512
6M,1024,6.4487,6.7043
6M,1280,8.0594,6.7818
6M,1536,9.67,6.7922
6M,1792,11.2806,6.4647
6M,2048,12.8912,6.2349
6M,2304,14.5018,6.3384
6M,2560,16.1124,6.486
6M,2816,17.723,6.4179
6M,3072,19.3336,6.5226
6M,3328,20.9443,6.4659
6M,3584,22.5549,6.3932
6M,3840,24.1655,6.4011
6M,4096,25.7761,6.587
6M,4352,27.3867,6.7493
6M,4608,28.9973,6.5683
6M,4864,30.6079,6.3856
6M,5120,32.2185,6.3432
6M,5376,33.8292,6.5387
6M,5632,35.4398,6.7357
6M,5888,37.0504,6.686
6M,6144,38.661,6.5105
6M,6400,40.2716,6.5326
6M,6656,41.8822,6.7063
6M,6912,43.4928,6.6054
6M,7168,45.1034,6.5151
6M,7424,46.7141,6.8319
6M,7680,48.3247,6.9885
6M,7936,49.9353,6.5867
6M,8191,51.5396,6.5343
