arm,size,seed,tokens,val_bpb
dclm,100k,seed-0,0.1311,3.7006
dclm,100k,seed-0,0.2621,2.8532
dclm,100k,seed-0,0.3932,2.7285
dclm,100k,seed-0,0.5243,2.6622
dclm,100k,seed-0,0.6554,2.6359
dclm,100k,seed-0,0.7864,2.6084
dclm,100k,seed-0,0.9175,2.5913
dclm,100k,seed-0,1.0486,2.5759
dclm,100k,seed-0,1.1796,2.5678
dclm,100k,seed-0,1.3107,2.5629
dclm,100k,seed-0,1.4418,2.5631
dclm,100k,seed-0,1.5729,2.5602
dclm,100k,seed-0,1.7039,2.5518
dclm,100k,seed-0,1.835,2.549
dclm,100k,seed-0,1.9661,2.5445
dclm,100k,seed-0,2.0972,2.5404
dclm,100k,seed-0,2.2282,2.5414
dclm,100k,seed-0,2.3593,2.5421
dclm,100k,seed-0,2.4904,2.5372
dclm,100k,seed-0,2.6214,2.5341
dclm,100k,seed-0,2.7525,2.5332
dclm,100k,seed-0,2.8836,2.5279
dclm,100k,seed-0,3.0147,2.5303
dclm,100k,seed-0,3.1457,2.5338
dclm,100k,seed-0,3.2768,2.5237
dclm,100k,seed-0,3.4079,2.5254
dclm,100k,seed-0,3.5389,2.5271
dclm,100k,seed-0,3.67,2.5287
dclm,100k,seed-0,3.8011,2.5251
dclm,100k,seed-0,3.9322,2.5265
dclm,100k,seed-0,4.0632,2.5286
dclm,100k,seed-0,4.1943,2.5221
dclm,100k,seed-0,4.3254,2.5223
dclm,100k,seed-0,4.4564,2.5188
dclm,100k,seed-0,4.5875,2.5196
dclm,100k,seed-0,4.7186,2.5198
dclm,100k,seed-0,4.8497,2.5184
dclm,100k,seed-0,4.9807,2.5164
dclm,100k,seed-0,5.1118,2.5152
dclm,100k,seed-0,5.2429,2.515
dclm,100k,seed-0,5.374,2.5175
dclm,100k,seed-0,5.505,2.5156
dclm,100k,seed-0,5.6361,2.5143
dclm,100k,seed-0,5.7672,2.5134
dclm,100k,seed-0,5.8982,2.5139
dclm,100k,seed-0,6.0293,2.5112
dclm,100k,seed-0,6.1604,2.5124
dclm,100k,seed-0,6.2915,2.5136
dclm,100k,seed-0,6.4225,2.5122
dclm,100k,seed-0,6.5536,2.515
dclm,100k,seed-0,6.6847,2.5114
dclm,100k,seed-0,6.8157,2.51
dclm,100k,seed-0,6.9468,2.5117
dclm,100k,seed-0,7.0779,2.5127
dclm,100k,seed-0,7.209,2.513
dclm,100k,seed-0,7.34,2.5131
dclm,100k,seed-0,7.4711,2.507
dclm,100k,seed-0,7.6022,2.5082
dclm,100k,seed-0,7.7332,2.5098
dclm,100k,seed-0,7.8643,2.5023
dclm,100k,seed-0,7.9954,2.5097
dclm,100k,seed-0,8.1265,2.5058
dclm,100k,seed-0,8.2575,2.5056
dclm,100k,seed-0,8.3886,2.5062
dclm,100k,seed-0,8.5197,2.5122
dclm,100k,seed-0,8.6508,2.5053
dclm,100k,seed-0,8.7818,2.5071
dclm,100k,seed-0,8.9129,2.5055
dclm,100k,seed-0,9.044,2.5052
dclm,100k,seed-0,9.175,2.5136
dclm,100k,seed-0,9.3061,2.5073
dclm,100k,seed-0,9.4372,2.5068
dclm,100k,seed-0,9.5683,2.5028
dclm,100k,seed-0,9.6993,2.5058
dclm,100k,seed-0,9.8304,2.5035
dclm,100k,seed-0,9.9615,2.5044
dclm,100k,seed-0,10.0925,2.5038
dclm,100k,seed-0,10.2236,2.5026
dclm,100k,seed-0,10.3547,2.5043
dclm,100k,seed-0,10.4858,2.5039
dclm,100k,seed-0,10.6168,2.501
dclm,100k,seed-0,10.7479,2.5017
dclm,100k,seed-0,10.879,2.5044
dclm,100k,seed-0,11.01,2.4999
dclm,100k,seed-0,11.1411,2.502
dclm,100k,seed-0,11.2722,2.5014
dclm,100k,seed-0,11.4033,2.5
dclm,100k,seed-0,11.5343,2.51
dclm,100k,seed-0,11.6654,2.5009
dclm,100k,seed-0,11.7965,2.5016
dclm,100k,seed-0,11.9276,2.5021
dclm,100k,seed-0,12.0586,2.5062
dclm,100k,seed-0,12.1897,2.5072
dclm,100k,seed-0,12.3208,2.5045
dclm,100k,seed-0,12.4518,2.5043
dclm,100k,seed-0,12.5829,2.4994
dclm,100k,seed-0,12.714,2.5052
dclm,100k,seed-0,12.8451,2.5023
dclm,100k,seed-0,12.9761,2.505
dclm,100k,seed-0,13.1072,2.5034
dclm,100k,seed-0,13.2383,2.5012
dclm,100k,seed-0,13.3693,2.4993
dclm,100k,seed-0,13.5004,2.5017
dclm,100k,seed-0,13.6315,2.5039
dclm,100k,seed-0,13.7626,2.4987
dclm,100k,seed-0,13.8936,2.5006
dclm,100k,seed-0,14.0247,2.5036
dclm,100k,seed-0,14.1558,2.5021
dclm,100k,seed-0,14.2868,2.5002
dclm,100k,seed-0,14.4179,2.5012
dclm,100k,seed-0,14.549,2.4994
dclm,100k,seed-0,14.6801,2.5016
dclm,100k,seed-0,14.8111,2.5004
dclm,100k,seed-0,14.9422,2.4981
dclm,100k,seed-0,15.0733,2.5032
dclm,100k,seed-0,15.2044,2.4993
dclm,100k,seed-0,15.3354,2.4977
dclm,100k,seed-0,15.4665,2.5009
dclm,100k,seed-0,15.5976,2.4987
dclm,100k,seed-0,15.7286,2.503
dclm,100k,seed-0,15.8597,2.4961
dclm,100k,seed-0,15.9908,2.4988
dclm,100k,seed-0,16.1219,2.5015
dclm,100k,seed-0,16.2529,2.4982
dclm,100k,seed-0,16.384,2.5008
dclm,100k,seed-0,16.5151,2.4988
dclm,100k,seed-0,16.6461,2.501
dclm,100k,seed-0,16.7772,2.4955
dclm,100k,seed-0,16.9083,2.4947
dclm,100k,seed-0,17.0394,2.4994
dclm,100k,seed-0,17.1704,2.4962
dclm,100k,seed-0,17.3015,2.4973
dclm,100k,seed-0,17.4326,2.5002
dclm,100k,seed-0,17.5636,2.4962
dclm,100k,seed-0,17.6947,2.4965
dclm,100k,seed-0,17.723,2.4953
dclm,1M,seed-0,0.1311,2.7761
dclm,1M,seed-0,0.2621,2.3026
dclm,1M,seed-0,0.3932,2.1742
dclm,1M,seed-0,0.5243,2.0992
dclm,1M,seed-0,0.6554,2.0627
dclm,1M,seed-0,0.7864,2.0357
dclm,1M,seed-0,0.9175,2.0167
dclm,1M,seed-0,1.0486,1.9969
dclm,1M,seed-0,1.1796,1.9893
dclm,1M,seed-0,1.3107,1.9701
dclm,1M,seed-0,1.4418,1.957
dclm,1M,seed-0,1.5729,1.9467
dclm,1M,seed-0,1.7039,1.9338
dclm,1M,seed-0,1.835,1.9061
dclm,1M,seed-0,1.9661,1.8764
dclm,1M,seed-0,2.0972,1.8491
dclm,1M,seed-0,2.2282,1.8326
dclm,1M,seed-0,2.3593,1.8205
dclm,1M,seed-0,2.4904,1.8135
dclm,1M,seed-0,2.6214,1.805
dclm,1M,seed-0,2.7525,1.7986
dclm,1M,seed-0,2.8836,1.7948
dclm,1M,seed-0,3.0147,1.7893
dclm,1M,seed-0,3.1457,1.7869
dclm,1M,seed-0,3.2768,1.7868
dclm,1M,seed-0,3.4079,1.7793
dclm,1M,seed-0,3.5389,1.7762
dclm,1M,seed-0,3.67,1.772
dclm,1M,seed-0,3.8011,1.7715
dclm,1M,seed-0,3.9322,1.7729
dclm,1M,seed-0,4.0632,1.7663
dclm,1M,seed-0,4.1943,1.7642
dclm,1M,seed-0,4.3254,1.7609
dclm,1M,seed-0,4.4564,1.76
dclm,1M,seed-0,4.5875,1.7598
dclm,1M,seed-0,4.7186,1.757
dclm,1M,seed-0,4.8497,1.7552
dclm,1M,seed-0,4.9807,1.7533
dclm,1M,seed-0,5.1118,1.7538
dclm,1M,seed-0,5.2429,1.7506
dclm,1M,seed-0,5.374,1.7488
dclm,1M,seed-0,5.505,1.7465
dclm,1M,seed-0,5.6361,1.7466
dclm,1M,seed-0,5.7672,1.7463
dclm,1M,seed-0,5.8982,1.7428
dclm,1M,seed-0,6.0293,1.742
dclm,1M,seed-0,6.1604,1.743
dclm,1M,seed-0,6.2915,1.7438
dclm,1M,seed-0,6.4225,1.745
dclm,1M,seed-0,6.5536,1.7357
dclm,1M,seed-0,6.6847,1.7404
dclm,1M,seed-0,6.8157,1.741
dclm,1M,seed-0,6.9468,1.7421
dclm,1M,seed-0,7.0779,1.7402
dclm,1M,seed-0,7.209,1.7401
dclm,1M,seed-0,7.34,1.7347
dclm,1M,seed-0,7.4711,1.7354
dclm,1M,seed-0,7.6022,1.7354
dclm,1M,seed-0,7.7332,1.7325
dclm,1M,seed-0,7.8643,1.7324
dclm,1M,seed-0,7.9954,1.7321
dclm,1M,seed-0,8.1265,1.7331
dclm,1M,seed-0,8.2575,1.733
dclm,1M,seed-0,8.3886,1.7306
dclm,1M,seed-0,8.5197,1.7301
dclm,1M,seed-0,8.6508,1.7285
dclm,1M,seed-0,8.7818,1.7301
dclm,1M,seed-0,8.9129,1.7343
dclm,1M,seed-0,9.044,1.7255
dclm,1M,seed-0,9.175,1.7308
dclm,1M,seed-0,9.3061,1.7302
dclm,1M,seed-0,9.4372,1.7297
dclm,1M,seed-0,9.5683,1.7273
dclm,1M,seed-0,9.6993,1.7268
dclm,1M,seed-0,9.8304,1.7259
dclm,1M,seed-0,9.9615,1.7272
dclm,1M,seed-0,10.0925,1.7253
dclm,1M,seed-0,10.2236,1.7263
dclm,1M,seed-0,10.3547,1.7236
dclm,1M,seed-0,10.4858,1.7265
dclm,1M,seed-0,10.6168,1.7283
dclm,1M,seed-0,10.7479,1.7262
dclm,1M,seed-0,10.879,1.7247
dclm,1M,seed-0,11.01,1.7244
dclm,1M,seed-0,11.1411,1.7249
dclm,1M,seed-0,11.2722,1.7249
dclm,1M,seed-0,11.4033,1.7222
dclm,1M,seed-0,11.5343,1.7198
dclm,1M,seed-0,11.6654,1.7232
dclm,1M,seed-0,11.7965,1.7209
dclm,1M,seed-0,11.9276,1.72
dclm,1M,seed-0,12.0586,1.7225
dclm,1M,seed-0,12.1897,1.7212
dclm,1M,seed-0,12.3208,1.7196
dclm,1M,seed-0,12.4518,1.7215
dclm,1M,seed-0,12.5829,1.7226
dclm,1M,seed-0,12.714,1.7237
dclm,1M,seed-0,12.8451,1.722
dclm,1M,seed-0,12.9761,1.724
dclm,1M,seed-0,13.1072,1.7183
dclm,1M,seed-0,13.2383,1.7212
dclm,1M,seed-0,13.3693,1.7195
dclm,1M,seed-0,13.5004,1.7199
dclm,1M,seed-0,13.6315,1.7207
dclm,1M,seed-0,13.7626,1.7168
dclm,1M,seed-0,13.8936,1.7221
dclm,1M,seed-0,14.0247,1.7179
dclm,1M,seed-0,14.1558,1.7157
dclm,1M,seed-0,14.2868,1.7182
dclm,1M,seed-0,14.4179,1.7178
dclm,1M,seed-0,14.549,1.7166
dclm,1M,seed-0,14.6801,1.718
dclm,1M,seed-0,14.8111,1.7162
dclm,1M,seed-0,14.9422,1.7147
dclm,1M,seed-0,15.0733,1.7141
dclm,1M,seed-0,15.2044,1.7128
dclm,1M,seed-0,15.3354,1.7148
dclm,1M,seed-0,15.4665,1.7187
dclm,1M,seed-0,15.5976,1.7192
dclm,1M,seed-0,15.7286,1.7164
dclm,1M,seed-0,15.8597,1.7146
dclm,1M,seed-0,15.9908,1.7159
dclm,1M,seed-0,16.1219,1.7139
dclm,1M,seed-0,16.2529,1.7154
dclm,1M,seed-0,16.384,1.7143
dclm,1M,seed-0,16.5151,1.716
dclm,1M,seed-0,16.6461,1.7143
dclm,1M,seed-0,16.7772,1.7142
dclm,1M,seed-0,16.9083,1.7135
dclm,1M,seed-0,17.0394,1.7195
dclm,1M,seed-0,17.1704,1.7131
dclm,1M,seed-0,17.3015,1.7131
dclm,1M,seed-0,17.4326,1.7174
dclm,1M,seed-0,17.5636,1.716
dclm,1M,seed-0,17.6947,1.7126
dclm,1M,seed-0,17.723,1.7114
dclm,1M,seed-1,0.1311,2.7299
dclm,1M,seed-1,0.2621,2.2993
dclm,1M,seed-1,0.3932,2.1722
dclm,1M,seed-1,0.5243,2.098
dclm,1M,seed-1,0.6554,2.0641
dclm,1M,seed-1,0.7864,2.0341
dclm,1M,seed-1,0.9175,2.0159
dclm,1M,seed-1,1.0486,2.0033
dclm,1M,seed-1,1.1796,1.9859
dclm,1M,seed-1,1.3107,1.9761
dclm,1M,seed-1,1.4418,1.9686
dclm,1M,seed-1,1.5729,1.9686
dclm,1M,seed-1,1.7039,1.9622
dclm,1M,seed-1,1.835,1.9545
dclm,1M,seed-1,1.9661,1.9499
dclm,1M,seed-1,2.0972,1.9413
dclm,1M,seed-1,2.2282,1.9372
dclm,1M,seed-1,2.3593,1.9341
dclm,1M,seed-1,2.4904,1.9255
dclm,1M,seed-1,2.6214,1.9152
dclm,1M,seed-1,2.7525,1.9152
dclm,1M,seed-1,2.8836,1.9077
dclm,1M,seed-1,3.0147,1.9009
dclm,1M,seed-1,3.1457,1.8965
dclm,1M,seed-1,3.2768,1.8929
dclm,1M,seed-1,3.4079,1.8814
dclm,1M,seed-1,3.5389,1.8735
dclm,1M,seed-1,3.67,1.8606
dclm,1M,seed-1,3.8011,1.8492
dclm,1M,seed-1,3.9322,1.8371
dclm,1M,seed-1,4.0632,1.8168
dclm,1M,seed-1,4.1943,1.8045
dclm,1M,seed-1,4.3254,1.7947
dclm,1M,seed-1,4.4564,1.7882
dclm,1M,seed-1,4.5875,1.7808
dclm,1M,seed-1,4.7186,1.7716
dclm,1M,seed-1,4.8497,1.769
dclm,1M,seed-1,4.9807,1.7646
dclm,1M,seed-1,5.1118,1.7602
dclm,1M,seed-1,5.2429,1.7552
dclm,1M,seed-1,5.374,1.7542
dclm,1M,seed-1,5.505,1.7508
dclm,1M,seed-1,5.6361,1.7455
dclm,1M,seed-1,5.7672,1.7405
dclm,1M,seed-1,5.8982,1.7429
dclm,1M,seed-1,6.0293,1.7364
dclm,1M,seed-1,6.1604,1.7368
dclm,1M,seed-1,6.2915,1.7366
dclm,1M,seed-1,6.4225,1.7318
dclm,1M,seed-1,6.5536,1.7317
dclm,1M,seed-1,6.6847,1.7299
dclm,1M,seed-1,6.8157,1.7318
dclm,1M,seed-1,6.9468,1.7265
dclm,1M,seed-1,7.0779,1.73
dclm,1M,seed-1,7.209,1.7277
dclm,1M,seed-1,7.34,1.7362
dclm,1M,seed-1,7.4711,1.7252
dclm,1M,seed-1,7.6022,1.7275
dclm,1M,seed-1,7.7332,1.7237
dclm,1M,seed-1,7.8643,1.7225
dclm,1M,seed-1,7.9954,1.7207
dclm,1M,seed-1,8.1265,1.7198
dclm,1M,seed-1,8.2575,1.7204
dclm,1M,seed-1,8.3886,1.7207
dclm,1M,seed-1,8.5197,1.7239
dclm,1M,seed-1,8.6508,1.7208
dclm,1M,seed-1,8.7818,1.7191
dclm,1M,seed-1,8.9129,1.717
dclm,1M,seed-1,9.044,1.718
dclm,1M,seed-1,9.175,1.722
dclm,1M,seed-1,9.3061,1.7159
dclm,1M,seed-1,9.4372,1.7193
dclm,1M,seed-1,9.5683,1.7151
dclm,1M,seed-1,9.6993,1.7146
dclm,1M,seed-1,9.8304,1.7142
dclm,1M,seed-1,9.9615,1.7157
dclm,1M,seed-1,10.0925,1.7164
dclm,1M,seed-1,10.2236,1.7108
dclm,1M,seed-1,10.3547,1.712
dclm,1M,seed-1,10.4858,1.7103
dclm,1M,seed-1,10.6168,1.7118
dclm,1M,seed-1,10.7479,1.7105
dclm,1M,seed-1,10.879,1.7099
dclm,1M,seed-1,11.01,1.711
dclm,1M,seed-1,11.1411,1.7109
dclm,1M,seed-1,11.2722,1.7095
dclm,1M,seed-1,11.4033,1.7099
dclm,1M,seed-1,11.5343,1.7079
dclm,1M,seed-1,11.6654,1.7062
dclm,1M,seed-1,11.7965,1.7078
dclm,1M,seed-1,11.9276,1.7111
dclm,1M,seed-1,12.0586,1.7072
dclm,1M,seed-1,12.1897,1.7045
dclm,1M,seed-1,12.3208,1.7069
dclm,1M,seed-1,12.4518,1.7044
dclm,1M,seed-1,12.5829,1.7066
dclm,1M,seed-1,12.714,1.7078
dclm,1M,seed-1,12.8451,1.7074
dclm,1M,seed-1,12.9761,1.7074
dclm,1M,seed-1,13.1072,1.7048
dclm,1M,seed-1,13.2383,1.7015
dclm,1M,seed-1,13.3693,1.7052
dclm,1M,seed-1,13.5004,1.7047
dclm,1M,seed-1,13.6315,1.7038
dclm,1M,seed-1,13.7626,1.7034
dclm,1M,seed-1,13.8936,1.706
dclm,1M,seed-1,14.0247,1.7043
dclm,1M,seed-1,14.1558,1.7048
dclm,1M,seed-1,14.2868,1.7077
dclm,1M,seed-1,14.4179,1.7041
dclm,1M,seed-1,14.549,1.7048
dclm,1M,seed-1,14.6801,1.7059
dclm,1M,seed-1,14.8111,1.7056
dclm,1M,seed-1,14.9422,1.7023
dclm,1M,seed-1,15.0733,1.7033
dclm,1M,seed-1,15.2044,1.7019
dclm,1M,seed-1,15.3354,1.7066
dclm,1M,seed-1,15.4665,1.7026
dclm,1M,seed-1,15.5976,1.7064
dclm,1M,seed-1,15.7286,1.7019
dclm,1M,seed-1,15.8597,1.7054
dclm,1M,seed-1,15.9908,1.7026
dclm,1M,seed-1,16.1219,1.7061
dclm,1M,seed-1,16.2529,1.701
dclm,1M,seed-1,16.384,1.7067
dclm,1M,seed-1,16.5151,1.702
dclm,1M,seed-1,16.6461,1.6975
dclm,1M,seed-1,16.7772,1.7034
dclm,1M,seed-1,16.9083,1.7046
dclm,1M,seed-1,17.0394,1.7006
dclm,1M,seed-1,17.1704,1.7028
dclm,1M,seed-1,17.3015,1.7009
dclm,1M,seed-1,17.4326,1.7014
dclm,1M,seed-1,17.5636,1.7037
dclm,1M,seed-1,17.6947,1.7002
dclm,1M,seed-1,17.723,1.7015
dclm,24M,seed-0,0.1311,2.3731
dclm,24M,seed-0,0.2621,2.0331
dclm,24M,seed-0,0.3932,1.7588
dclm,24M,seed-0,0.5243,1.6657
dclm,24M,seed-0,0.6554,1.6151
dclm,24M,seed-0,0.7864,1.5818
dclm,24M,seed-0,0.9175,1.5625
dclm,24M,seed-0,1.0486,1.5433
dclm,24M,seed-0,1.1796,1.5291
dclm,24M,seed-0,1.3107,1.515
dclm,24M,seed-0,1.4418,1.5047
dclm,24M,seed-0,1.5729,1.4966
dclm,24M,seed-0,1.7039,1.4874
dclm,24M,seed-0,1.835,1.4827
dclm,24M,seed-0,1.9661,1.4761
dclm,24M,seed-0,2.0972,1.4696
dclm,24M,seed-0,2.2282,1.4647
dclm,24M,seed-0,2.3593,1.461
dclm,24M,seed-0,2.4904,1.4556
dclm,24M,seed-0,2.6214,1.4522
dclm,24M,seed-0,2.7525,1.4457
dclm,24M,seed-0,2.8836,1.4429
dclm,24M,seed-0,3.0147,1.441
dclm,24M,seed-0,3.1457,1.4384
dclm,24M,seed-0,3.2768,1.4354
dclm,24M,seed-0,3.4079,1.4308
dclm,24M,seed-0,3.5389,1.4305
dclm,24M,seed-0,3.67,1.4258
dclm,24M,seed-0,3.8011,1.424
dclm,24M,seed-0,3.9322,1.4253
dclm,24M,seed-0,4.0632,1.4213
dclm,24M,seed-0,4.1943,1.4174
dclm,24M,seed-0,4.3254,1.4164
dclm,24M,seed-0,4.4564,1.4145
dclm,24M,seed-0,4.5875,1.4128
dclm,24M,seed-0,4.7186,1.411
dclm,24M,seed-0,4.8497,1.4106
dclm,24M,seed-0,4.9807,1.41
dclm,24M,seed-0,5.1118,1.4062
dclm,24M,seed-0,5.2429,1.4038
dclm,24M,seed-0,5.374,1.4022
dclm,24M,seed-0,5.505,1.4015
dclm,24M,seed-0,5.6361,1.4028
dclm,24M,seed-0,5.7672,1.4006
dclm,24M,seed-0,5.8982,1.3967
dclm,24M,seed-0,6.0293,1.3965
dclm,24M,seed-0,6.1604,1.3979
dclm,24M,seed-0,6.2915,1.3951
dclm,24M,seed-0,6.4225,1.3963
dclm,24M,seed-0,6.5536,1.3906
dclm,24M,seed-0,6.6847,1.3936
dclm,24M,seed-0,6.8157,1.3916
dclm,24M,seed-0,6.9468,1.3929
dclm,24M,seed-0,7.0779,1.3905
dclm,24M,seed-0,7.209,1.3882
dclm,24M,seed-0,7.34,1.3892
dclm,24M,seed-0,7.4711,1.3882
dclm,24M,seed-0,7.6022,1.3865
dclm,24M,seed-0,7.7332,1.3863
dclm,24M,seed-0,7.8643,1.3844
dclm,24M,seed-0,7.9954,1.3839
dclm,24M,seed-0,8.1265,1.3838
dclm,24M,seed-0,8.2575,1.3811
dclm,24M,seed-0,8.3886,1.3813
dclm,24M,seed-0,8.5197,1.3808
dclm,24M,seed-0,8.6508,1.3792
dclm,24M,seed-0,8.7818,1.3819
dclm,24M,seed-0,8.9129,1.3785
dclm,24M,seed-0,9.044,1.3785
dclm,24M,seed-0,9.175,1.3808
dclm,24M,seed-0,9.3061,1.3797
dclm,24M,seed-0,9.4372,1.3768
dclm,24M,seed-0,9.5683,1.3779
dclm,24M,seed-0,9.6993,1.3749
dclm,24M,seed-0,9.8304,1.3719
dclm,24M,seed-0,9.9615,1.3761
dclm,24M,seed-0,10.0925,1.3743
dclm,24M,seed-0,10.2236,1.3743
dclm,24M,seed-0,10.3547,1.3746
dclm,24M,seed-0,10.4858,1.3748
dclm,24M,seed-0,10.6168,1.3714
dclm,24M,seed-0,10.7479,1.3718
dclm,24M,seed-0,10.879,1.3705
dclm,24M,seed-0,11.01,1.3702
dclm,24M,seed-0,11.1411,1.3691
dclm,24M,seed-0,11.2722,1.371
dclm,24M,seed-0,11.4033,1.3704
dclm,24M,seed-0,11.5343,1.3684
dclm,24M,seed-0,11.6654,1.3671
dclm,24M,seed-0,11.7965,1.3674
dclm,24M,seed-0,11.9276,1.3672
dclm,24M,seed-0,12.0586,1.3677
dclm,24M,seed-0,12.1897,1.3667
dclm,24M,seed-0,12.3208,1.3644
dclm,24M,seed-0,12.4518,1.3664
dclm,24M,seed-0,12.5829,1.3646
dclm,24M,seed-0,12.714,1.3659
dclm,24M,seed-0,12.8451,1.3643
dclm,24M,seed-0,12.9761,1.3647
dclm,24M,seed-0,13.1072,1.3634
dclm,24M,seed-0,13.2383,1.3626
dclm,24M,seed-0,13.3693,1.3612
dclm,24M,seed-0,13.5004,1.3636
dclm,24M,seed-0,13.6315,1.3622
dclm,24M,seed-0,13.7626,1.362
dclm,24M,seed-0,13.8936,1.3602
dclm,24M,seed-0,14.0247,1.3615
dclm,24M,seed-0,14.1558,1.3605
dclm,24M,seed-0,14.2868,1.362
dclm,24M,seed-0,14.4179,1.3596
dclm,24M,seed-0,14.549,1.3631
dclm,24M,seed-0,14.6801,1.3621
dclm,24M,seed-0,14.8111,1.3586
dclm,24M,seed-0,14.9422,1.3591
dclm,24M,seed-0,15.0733,1.3591
dclm,24M,seed-0,15.2044,1.3581
dclm,24M,seed-0,15.3354,1.3609
dclm,24M,seed-0,15.4665,1.3584
dclm,24M,seed-0,15.5976,1.3555
dclm,24M,seed-0,15.7286,1.3567
dclm,24M,seed-0,15.8597,1.3572
dclm,24M,seed-0,15.9908,1.3564
dclm,24M,seed-0,16.1219,1.3569
dclm,24M,seed-0,16.2529,1.3559
dclm,24M,seed-0,16.384,1.3569
dclm,24M,seed-0,16.5151,1.3551
dclm,24M,seed-0,16.6461,1.3564
dclm,24M,seed-0,16.7772,1.3542
dclm,24M,seed-0,16.9083,1.3545
dclm,24M,seed-0,17.0394,1.3544
dclm,24M,seed-0,17.1704,1.355
dclm,24M,seed-0,17.3015,1.3516
dclm,24M,seed-0,17.4326,1.3546
dclm,24M,seed-0,17.5636,1.3541
dclm,24M,seed-0,17.6947,1.3522
dclm,24M,seed-0,17.723,1.3542
dclm,3M,seed-0,0.1311,2.3752
dclm,3M,seed-0,0.2621,2.1298
dclm,3M,seed-0,0.3932,2.0547
dclm,3M,seed-0,0.5243,1.9843
dclm,3M,seed-0,0.6554,1.923
dclm,3M,seed-0,0.7864,1.8383
dclm,3M,seed-0,0.9175,1.7766
dclm,3M,seed-0,1.0486,1.7384
dclm,3M,seed-0,1.1796,1.7232
dclm,3M,seed-0,1.3107,1.7016
dclm,3M,seed-0,1.4418,1.6901
dclm,3M,seed-0,1.5729,1.684
dclm,3M,seed-0,1.7039,1.6726
dclm,3M,seed-0,1.835,1.6687
dclm,3M,seed-0,1.9661,1.6647
dclm,3M,seed-0,2.0972,1.6567
dclm,3M,seed-0,2.2282,1.6527
dclm,3M,seed-0,2.3593,1.6496
dclm,3M,seed-0,2.4904,1.6469
dclm,3M,seed-0,2.6214,1.6464
dclm,3M,seed-0,2.7525,1.6408
dclm,3M,seed-0,2.8836,1.6404
dclm,3M,seed-0,3.0147,1.6377
dclm,3M,seed-0,3.1457,1.6367
dclm,3M,seed-0,3.2768,1.6347
dclm,3M,seed-0,3.4079,1.6327
dclm,3M,seed-0,3.5389,1.6284
dclm,3M,seed-0,3.67,1.6297
dclm,3M,seed-0,3.8011,1.6308
dclm,3M,seed-0,3.9322,1.6274
dclm,3M,seed-0,4.0632,1.6233
dclm,3M,seed-0,4.1943,1.6213
dclm,3M,seed-0,4.3254,1.6199
dclm,3M,seed-0,4.4564,1.6198
dclm,3M,seed-0,4.5875,1.6199
dclm,3M,seed-0,4.7186,1.6205
dclm,3M,seed-0,4.8497,1.6175
dclm,3M,seed-0,4.9807,1.6191
dclm,3M,seed-0,5.1118,1.6169
dclm,3M,seed-0,5.2429,1.6145
dclm,3M,seed-0,5.374,1.6128
dclm,3M,seed-0,5.505,1.6126
dclm,3M,seed-0,5.6361,1.6111
dclm,3M,seed-0,5.7672,1.612
dclm,3M,seed-0,5.8982,1.6118
dclm,3M,seed-0,6.0293,1.6105
dclm,3M,seed-0,6.1604,1.6107
dclm,3M,seed-0,6.2915,1.6113
dclm,3M,seed-0,6.4225,1.609
dclm,3M,seed-0,6.5536,1.6082
dclm,3M,seed-0,6.6847,1.6068
dclm,3M,seed-0,6.8157,1.605
dclm,3M,seed-0,6.9468,1.6082
dclm,3M,seed-0,7.0779,1.6086
dclm,3M,seed-0,7.209,1.6038
dclm,3M,seed-0,7.34,1.6044
dclm,3M,seed-0,7.4711,1.6042
dclm,3M,seed-0,7.6022,1.6019
dclm,3M,seed-0,7.7332,1.6022
dclm,3M,seed-0,7.8643,1.6057
dclm,3M,seed-0,7.9954,1.6004
dclm,3M,seed-0,8.1265,1.6027
dclm,3M,seed-0,8.2575,1.5997
dclm,3M,seed-0,8.3886,1.6023
dclm,3M,seed-0,8.5197,1.6011
dclm,3M,seed-0,8.6508,1.6012
dclm,3M,seed-0,8.7818,1.6
dclm,3M,seed-0,8.9129,1.6004
dclm,3M,seed-0,9.044,1.5968
dclm,3M,seed-0,9.175,1.5989
dclm,3M,seed-0,9.3061,1.5991
dclm,3M,seed-0,9.4372,1.5959
dclm,3M,seed-0,9.5683,1.5956
dclm,3M,seed-0,9.6993,1.5954
dclm,3M,seed-0,9.8304,1.5965
dclm,3M,seed-0,9.9615,1.5961
dclm,3M,seed-0,10.0925,1.595
dclm,3M,seed-0,10.2236,1.5939
dclm,3M,seed-0,10.3547,1.5935
dclm,3M,seed-0,10.4858,1.5947
dclm,3M,seed-0,10.6168,1.5947
dclm,3M,seed-0,10.7479,1.5929
dclm,3M,seed-0,10.879,1.593
dclm,3M,seed-0,11.01,1.592
dclm,3M,seed-0,11.1411,1.5925
dclm,3M,seed-0,11.2722,1.5931
dclm,3M,seed-0,11.4033,1.5893
dclm,3M,seed-0,11.5343,1.5922
dclm,3M,seed-0,11.6654,1.5937
dclm,3M,seed-0,11.7965,1.591
dclm,3M,seed-0,11.9276,1.5903
dclm,3M,seed-0,12.0586,1.5927
dclm,3M,seed-0,12.1897,1.5921
dclm,3M,seed-0,12.3208,1.59
dclm,3M,seed-0,12.4518,1.5884
dclm,3M,seed-0,12.5829,1.5924
dclm,3M,seed-0,12.714,1.5899
dclm,3M,seed-0,12.8451,1.59
dclm,3M,seed-0,12.9761,1.5894
dclm,3M,seed-0,13.1072,1.5901
dclm,3M,seed-0,13.2383,1.5886
dclm,3M,seed-0,13.3693,1.5865
dclm,3M,seed-0,13.5004,1.5893
dclm,3M,seed-0,13.6315,1.5895
dclm,3M,seed-0,13.7626,1.5914
dclm,3M,seed-0,13.8936,1.5889
dclm,3M,seed-0,14.0247,1.5874
dclm,3M,seed-0,14.1558,1.5895
dclm,3M,seed-0,14.2868,1.59
dclm,3M,seed-0,14.4179,1.5851
dclm,3M,seed-0,14.549,1.5876
dclm,3M,seed-0,14.6801,1.5902
dclm,3M,seed-0,14.8111,1.5857
dclm,3M,seed-0,14.9422,1.5847
dclm,3M,seed-0,15.0733,1.5855
dclm,3M,seed-0,15.2044,1.5844
dclm,3M,seed-0,15.3354,1.5867
dclm,3M,seed-0,15.4665,1.5864
dclm,3M,seed-0,15.5976,1.585
dclm,3M,seed-0,15.7286,1.5853
dclm,3M,seed-0,15.8597,1.5853
dclm,3M,seed-0,15.9908,1.5849
dclm,3M,seed-0,16.1219,1.5849
dclm,3M,seed-0,16.2529,1.5855
dclm,3M,seed-0,16.384,1.5845
dclm,3M,seed-0,16.5151,1.5844
dclm,3M,seed-0,16.6461,1.5845
dclm,3M,seed-0,16.7772,1.582
dclm,3M,seed-0,16.9083,1.5841
dclm,3M,seed-0,17.0394,1.5864
dclm,3M,seed-0,17.1704,1.5847
dclm,3M,seed-0,17.3015,1.5836
dclm,3M,seed-0,17.4326,1.5856
dclm,3M,seed-0,17.5636,1.5848
dclm,3M,seed-0,17.6947,1.5821
dclm,3M,seed-0,17.723,1.5836
dclm,3M,seed-1,0.1311,2.4379
dclm,3M,seed-1,0.2621,2.1551
dclm,3M,seed-1,0.3932,2.0448
dclm,3M,seed-1,0.5243,1.973
dclm,3M,seed-1,0.6554,1.9163
dclm,3M,seed-1,0.7864,1.859
dclm,3M,seed-1,0.9175,1.7633
dclm,3M,seed-1,1.0486,1.726
dclm,3M,seed-1,1.1796,1.7086
dclm,3M,seed-1,1.3107,1.696
dclm,3M,seed-1,1.4418,1.6841
dclm,3M,seed-1,1.5729,1.6769
dclm,3M,seed-1,1.7039,1.6701
dclm,3M,seed-1,1.835,1.663
dclm,3M,seed-1,1.9661,1.659
dclm,3M,seed-1,2.0972,1.6567
dclm,3M,seed-1,2.2282,1.6492
dclm,3M,seed-1,2.3593,1.6483
dclm,3M,seed-1,2.4904,1.6452
dclm,3M,seed-1,2.6214,1.6379
dclm,3M,seed-1,2.7525,1.6377
dclm,3M,seed-1,2.8836,1.6348
dclm,3M,seed-1,3.0147,1.6343
dclm,3M,seed-1,3.1457,1.6298
dclm,3M,seed-1,3.2768,1.6266
dclm,3M,seed-1,3.4079,1.6262
dclm,3M,seed-1,3.5389,1.6224
dclm,3M,seed-1,3.67,1.6245
dclm,3M,seed-1,3.8011,1.6227
dclm,3M,seed-1,3.9322,1.6233
dclm,3M,seed-1,4.0632,1.6227
dclm,3M,seed-1,4.1943,1.6181
dclm,3M,seed-1,4.3254,1.6187
dclm,3M,seed-1,4.4564,1.6152
dclm,3M,seed-1,4.5875,1.6167
dclm,3M,seed-1,4.7186,1.6131
dclm,3M,seed-1,4.8497,1.6139
dclm,3M,seed-1,4.9807,1.6131
dclm,3M,seed-1,5.1118,1.6112
dclm,3M,seed-1,5.2429,1.6092
dclm,3M,seed-1,5.374,1.6103
dclm,3M,seed-1,5.505,1.6093
dclm,3M,seed-1,5.6361,1.6074
dclm,3M,seed-1,5.7672,1.6057
dclm,3M,seed-1,5.8982,1.6072
dclm,3M,seed-1,6.0293,1.6076
dclm,3M,seed-1,6.1604,1.6075
dclm,3M,seed-1,6.2915,1.6076
dclm,3M,seed-1,6.4225,1.6056
dclm,3M,seed-1,6.5536,1.6071
dclm,3M,seed-1,6.6847,1.6045
dclm,3M,seed-1,6.8157,1.6048
dclm,3M,seed-1,6.9468,1.6003
dclm,3M,seed-1,7.0779,1.6022
dclm,3M,seed-1,7.209,1.6014
dclm,3M,seed-1,7.34,1.6019
dclm,3M,seed-1,7.4711,1.6017
dclm,3M,seed-1,7.6022,1.6012
dclm,3M,seed-1,7.7332,1.6016
dclm,3M,seed-1,7.8643,1.5981
dclm,3M,seed-1,7.9954,1.5985
dclm,3M,seed-1,8.1265,1.5977
dclm,3M,seed-1,8.2575,1.5976
dclm,3M,seed-1,8.3886,1.6015
dclm,3M,seed-1,8.5197,1.6006
dclm,3M,seed-1,8.6508,1.5999
dclm,3M,seed-1,8.7818,1.5986
dclm,3M,seed-1,8.9129,1.5971
dclm,3M,seed-1,9.044,1.5992
dclm,3M,seed-1,9.175,1.5989
dclm,3M,seed-1,9.3061,1.595
dclm,3M,seed-1,9.4372,1.5993
dclm,3M,seed-1,9.5683,1.5935
dclm,3M,seed-1,9.6993,1.5943
dclm,3M,seed-1,9.8304,1.5946
dclm,3M,seed-1,9.9615,1.5973
dclm,3M,seed-1,10.0925,1.5962
dclm,3M,seed-1,10.2236,1.5957
dclm,3M,seed-1,10.3547,1.5944
dclm,3M,seed-1,10.4858,1.592
dclm,3M,seed-1,10.6168,1.595
dclm,3M,seed-1,10.7479,1.5931
dclm,3M,seed-1,10.879,1.5917
dclm,3M,seed-1,11.01,1.5934
dclm,3M,seed-1,11.1411,1.59
dclm,3M,seed-1,11.2722,1.5896
dclm,3M,seed-1,11.4033,1.5887
dclm,3M,seed-1,11.5343,1.589
dclm,3M,seed-1,11.6654,1.5889
dclm,3M,seed-1,11.7965,1.5892
dclm,3M,seed-1,11.9276,1.5917
dclm,3M,seed-1,12.0586,1.59
dclm,3M,seed-1,12.1897,1.589
dclm,3M,seed-1,12.3208,1.5915
dclm,3M,seed-1,12.4518,1.5885
dclm,3M,seed-1,12.5829,1.5887
dclm,3M,seed-1,12.714,1.5897
dclm,3M,seed-1,12.8451,1.5888
dclm,3M,seed-1,12.9761,1.5879
dclm,3M,seed-1,13.1072,1.588
dclm,3M,seed-1,13.2383,1.5869
dclm,3M,seed-1,13.3693,1.586
dclm,3M,seed-1,13.5004,1.5882
dclm,3M,seed-1,13.6315,1.5865
dclm,3M,seed-1,13.7626,1.5884
dclm,3M,seed-1,13.8936,1.5887
dclm,3M,seed-1,14.0247,1.5889
dclm,3M,seed-1,14.1558,1.589
dclm,3M,seed-1,14.2868,1.5892
dclm,3M,seed-1,14.4179,1.586
dclm,3M,seed-1,14.549,1.585
dclm,3M,seed-1,14.6801,1.5857
dclm,3M,seed-1,14.8111,1.5855
dclm,3M,seed-1,14.9422,1.5833
dclm,3M,seed-1,15.0733,1.5852
dclm,3M,seed-1,15.2044,1.5843
dclm,3M,seed-1,15.3354,1.5873
dclm,3M,seed-1,15.4665,1.5856
dclm,3M,seed-1,15.5976,1.5845
dclm,3M,seed-1,15.7286,1.5848
dclm,3M,seed-1,15.8597,1.5863
dclm,3M,seed-1,15.9908,1.586
dclm,3M,seed-1,16.1219,1.586
dclm,3M,seed-1,16.2529,1.5845
dclm,3M,seed-1,16.384,1.5842
dclm,3M,seed-1,16.5151,1.5875
dclm,3M,seed-1,16.6461,1.5822
dclm,3M,seed-1,16.7772,1.5836
dclm,3M,seed-1,16.9083,1.5858
dclm,3M,seed-1,17.0394,1.583
dclm,3M,seed-1,17.1704,1.5834
dclm,3M,seed-1,17.3015,1.5839
dclm,3M,seed-1,17.4326,1.583
dclm,3M,seed-1,17.5636,1.5844
dclm,3M,seed-1,17.6947,1.5824
dclm,3M,seed-1,17.723,1.5814
dclm,500k,seed-0,0.1311,2.7377
dclm,500k,seed-0,0.2621,2.3474
dclm,500k,seed-0,0.3932,2.262
dclm,500k,seed-0,0.5243,2.2047
dclm,500k,seed-0,0.6554,2.1691
dclm,500k,seed-0,0.7864,2.1511
dclm,500k,seed-0,0.9175,2.1425
dclm,500k,seed-0,1.0486,2.1288
dclm,500k,seed-0,1.1796,2.1213
dclm,500k,seed-0,1.3107,2.1155
dclm,500k,seed-0,1.4418,2.1135
dclm,500k,seed-0,1.5729,2.1123
dclm,500k,seed-0,1.7039,2.1062
dclm,500k,seed-0,1.835,2.1012
dclm,500k,seed-0,1.9661,2.1001
dclm,500k,seed-0,2.0972,2.091
dclm,500k,seed-0,2.2282,2.0922
dclm,500k,seed-0,2.3593,2.0954
dclm,500k,seed-0,2.4904,2.0868
dclm,500k,seed-0,2.6214,2.0917
dclm,500k,seed-0,2.7525,2.0842
dclm,500k,seed-0,2.8836,2.0853
dclm,500k,seed-0,3.0147,2.0819
dclm,500k,seed-0,3.1457,2.0853
dclm,500k,seed-0,3.2768,2.0805
dclm,500k,seed-0,3.4079,2.0719
dclm,500k,seed-0,3.5389,2.0764
dclm,500k,seed-0,3.67,2.069
dclm,500k,seed-0,3.8011,2.0707
dclm,500k,seed-0,3.9322,2.0782
dclm,500k,seed-0,4.0632,2.0656
dclm,500k,seed-0,4.1943,2.063
dclm,500k,seed-0,4.3254,2.065
dclm,500k,seed-0,4.4564,2.0623
dclm,500k,seed-0,4.5875,2.0663
dclm,500k,seed-0,4.7186,2.0637
dclm,500k,seed-0,4.8497,2.0598
dclm,500k,seed-0,4.9807,2.0601
dclm,500k,seed-0,5.1118,2.0563
dclm,500k,seed-0,5.2429,2.0533
dclm,500k,seed-0,5.374,2.0518
dclm,500k,seed-0,5.505,2.0504
dclm,500k,seed-0,5.6361,2.0478
dclm,500k,seed-0,5.7672,2.046
dclm,500k,seed-0,5.8982,2.0496
dclm,500k,seed-0,6.0293,2.0472
dclm,500k,seed-0,6.1604,2.0486
dclm,500k,seed-0,6.2915,2.0467
dclm,500k,seed-0,6.4225,2.0477
dclm,500k,seed-0,6.5536,2.0388
dclm,500k,seed-0,6.6847,2.0403
dclm,500k,seed-0,6.8157,2.0358
dclm,500k,seed-0,6.9468,2.0338
dclm,500k,seed-0,7.0779,2.0325
dclm,500k,seed-0,7.209,2.0323
dclm,500k,seed-0,7.34,2.0248
dclm,500k,seed-0,7.4711,2.0185
dclm,500k,seed-0,7.6022,2.017
dclm,500k,seed-0,7.7332,2.0127
dclm,500k,seed-0,7.8643,2.0058
dclm,500k,seed-0,7.9954,2.0044
dclm,500k,seed-0,8.1265,2.0057
dclm,500k,seed-0,8.2575,1.9959
dclm,500k,seed-0,8.3886,1.995
dclm,500k,seed-0,8.5197,2.0
dclm,500k,seed-0,8.6508,1.9878
dclm,500k,seed-0,8.7818,1.9882
dclm,500k,seed-0,8.9129,1.9836
dclm,500k,seed-0,9.044,1.9726
dclm,500k,seed-0,9.175,1.9793
dclm,500k,seed-0,9.3061,1.9685
dclm,500k,seed-0,9.4372,1.9623
dclm,500k,seed-0,9.5683,1.9579
dclm,500k,seed-0,9.6993,1.9555
dclm,500k,seed-0,9.8304,1.951
dclm,500k,seed-0,9.9615,1.9499
dclm,500k,seed-0,10.0925,1.9415
dclm,500k,seed-0,10.2236,1.94
dclm,500k,seed-0,10.3547,1.9399
dclm,500k,seed-0,10.4858,1.9336
dclm,500k,seed-0,10.6168,1.935
dclm,500k,seed-0,10.7479,1.9271
dclm,500k,seed-0,10.879,1.9265
dclm,500k,seed-0,11.01,1.9231
dclm,500k,seed-0,11.1411,1.9181
dclm,500k,seed-0,11.2722,1.9199
dclm,500k,seed-0,11.4033,1.9124
dclm,500k,seed-0,11.5343,1.9146
dclm,500k,seed-0,11.6654,1.9166
dclm,500k,seed-0,11.7965,1.9103
dclm,500k,seed-0,11.9276,1.9047
dclm,500k,seed-0,12.0586,1.9067
dclm,500k,seed-0,12.1897,1.9088
dclm,500k,seed-0,12.3208,1.912
dclm,500k,seed-0,12.4518,1.9091
dclm,500k,seed-0,12.5829,1.9067
dclm,500k,seed-0,12.714,1.902
dclm,500k,seed-0,12.8451,1.901
dclm,500k,seed-0,12.9761,1.9004
dclm,500k,seed-0,13.1072,1.9035
dclm,500k,seed-0,13.2383,1.8995
dclm,500k,seed-0,13.3693,1.8966
dclm,500k,seed-0,13.5004,1.896
dclm,500k,seed-0,13.6315,1.8962
dclm,500k,seed-0,13.7626,1.8977
dclm,500k,seed-0,13.8936,1.898
dclm,500k,seed-0,14.0247,1.897
dclm,500k,seed-0,14.1558,1.8939
dclm,500k,seed-0,14.2868,1.8946
dclm,500k,seed-0,14.4179,1.8898
dclm,500k,seed-0,14.549,1.8937
dclm,500k,seed-0,14.6801,1.8914
dclm,500k,seed-0,14.8111,1.8916
dclm,500k,seed-0,14.9422,1.8884
dclm,500k,seed-0,15.0733,1.8936
dclm,500k,seed-0,15.2044,1.8863
dclm,500k,seed-0,15.3354,1.8861
dclm,500k,seed-0,15.4665,1.8941
dclm,500k,seed-0,15.5976,1.8928
dclm,500k,seed-0,15.7286,1.8922
dclm,500k,seed-0,15.8597,1.8884
dclm,500k,seed-0,15.9908,1.8887
dclm,500k,seed-0,16.1219,1.8866
dclm,500k,seed-0,16.2529,1.8868
dclm,500k,seed-0,16.384,1.884
dclm,500k,seed-0,16.5151,1.8896
dclm,500k,seed-0,16.6461,1.8901
dclm,500k,seed-0,16.7772,1.8842
dclm,500k,seed-0,16.9083,1.882
dclm,500k,seed-0,17.0394,1.8936
dclm,500k,seed-0,17.1704,1.8841
dclm,500k,seed-0,17.3015,1.8856
dclm,500k,seed-0,17.4326,1.8835
dclm,500k,seed-0,17.5636,1.8884
dclm,500k,seed-0,17.6947,1.8842
dclm,500k,seed-0,17.723,1.882
dclm,6M,seed-0,0.1311,2.3413
dclm,6M,seed-0,0.2621,2.1103
dclm,6M,seed-0,0.3932,1.9873
dclm,6M,seed-0,0.5243,1.778
dclm,6M,seed-0,0.6554,1.723
dclm,6M,seed-0,0.7864,1.6977
dclm,6M,seed-0,0.9175,1.675
dclm,6M,seed-0,1.0486,1.6595
dclm,6M,seed-0,1.1796,1.6517
dclm,6M,seed-0,1.3107,1.6335
dclm,6M,seed-0,1.4418,1.6278
dclm,6M,seed-0,1.5729,1.6211
dclm,6M,seed-0,1.7039,1.614
dclm,6M,seed-0,1.835,1.6068
dclm,6M,seed-0,1.9661,1.6036
dclm,6M,seed-0,2.0972,1.5982
dclm,6M,seed-0,2.2282,1.5916
dclm,6M,seed-0,2.3593,1.5881
dclm,6M,seed-0,2.4904,1.5873
dclm,6M,seed-0,2.6214,1.5857
dclm,6M,seed-0,2.7525,1.5782
dclm,6M,seed-0,2.8836,1.5778
dclm,6M,seed-0,3.0147,1.5755
dclm,6M,seed-0,3.1457,1.5735
dclm,6M,seed-0,3.2768,1.5705
dclm,6M,seed-0,3.4079,1.5686
dclm,6M,seed-0,3.5389,1.5655
dclm,6M,seed-0,3.67,1.5642
dclm,6M,seed-0,3.8011,1.564
dclm,6M,seed-0,3.9322,1.5644
dclm,6M,seed-0,4.0632,1.5578
dclm,6M,seed-0,4.1943,1.556
dclm,6M,seed-0,4.3254,1.5549
dclm,6M,seed-0,4.4564,1.5547
dclm,6M,seed-0,4.5875,1.5526
dclm,6M,seed-0,4.7186,1.5536
dclm,6M,seed-0,4.8497,1.5519
dclm,6M,seed-0,4.9807,1.5524
dclm,6M,seed-0,5.1118,1.5498
dclm,6M,seed-0,5.2429,1.5475
dclm,6M,seed-0,5.374,1.5464
dclm,6M,seed-0,5.505,1.5459
dclm,6M,seed-0,5.6361,1.5446
dclm,6M,seed-0,5.7672,1.5451
dclm,6M,seed-0,5.8982,1.5418
dclm,6M,seed-0,6.0293,1.5418
dclm,6M,seed-0,6.1604,1.5442
dclm,6M,seed-0,6.2915,1.543
dclm,6M,seed-0,6.4225,1.541
dclm,6M,seed-0,6.5536,1.5403
dclm,6M,seed-0,6.6847,1.5403
dclm,6M,seed-0,6.8157,1.5369
dclm,6M,seed-0,6.9468,1.5403
dclm,6M,seed-0,7.0779,1.5389
dclm,6M,seed-0,7.209,1.5367
dclm,6M,seed-0,7.34,1.536
dclm,6M,seed-0,7.4711,1.5376
dclm,6M,seed-0,7.6022,1.5356
dclm,6M,seed-0,7.7332,1.5328
dclm,6M,seed-0,7.8643,1.5341
dclm,6M,seed-0,7.9954,1.5334
dclm,6M,seed-0,8.1265,1.5325
dclm,6M,seed-0,8.2575,1.5294
dclm,6M,seed-0,8.3886,1.5317
dclm,6M,seed-0,8.5197,1.5313
dclm,6M,seed-0,8.6508,1.5306
dclm,6M,seed-0,8.7818,1.5339
dclm,6M,seed-0,8.9129,1.5292
dclm,6M,seed-0,9.044,1.5278
dclm,6M,seed-0,9.175,1.5308
dclm,6M,seed-0,9.3061,1.5293
dclm,6M,seed-0,9.4372,1.5282
dclm,6M,seed-0,9.5683,1.5264
dclm,6M,seed-0,9.6993,1.5245
dclm,6M,seed-0,9.8304,1.5263
dclm,6M,seed-0,9.9615,1.5277
dclm,6M,seed-0,10.0925,1.5267
dclm,6M,seed-0,10.2236,1.5258
dclm,6M,seed-0,10.3547,1.5242
dclm,6M,seed-0,10.4858,1.5228
dclm,6M,seed-0,10.6168,1.5228
dclm,6M,seed-0,10.7479,1.5242
dclm,6M,seed-0,10.879,1.5225
dclm,6M,seed-0,11.01,1.5221
dclm,6M,seed-0,11.1411,1.522
dclm,6M,seed-0,11.2722,1.5236
dclm,6M,seed-0,11.4033,1.519
dclm,6M,seed-0,11.5343,1.5203
dclm,6M,seed-0,11.6654,1.5214
dclm,6M,seed-0,11.7965,1.52
dclm,6M,seed-0,11.9276,1.5203
dclm,6M,seed-0,12.0586,1.5188
dclm,6M,seed-0,12.1897,1.5215
dclm,6M,seed-0,12.3208,1.5176
dclm,6M,seed-0,12.4518,1.5208
dclm,6M,seed-0,12.5829,1.5198
dclm,6M,seed-0,12.714,1.5192
dclm,6M,seed-0,12.8451,1.5195
dclm,6M,seed-0,12.9761,1.5162
dclm,6M,seed-0,13.1072,1.5181
dclm,6M,seed-0,13.2383,1.5152
dclm,6M,seed-0,13.3693,1.5155
dclm,6M,seed-0,13.5004,1.5163
dclm,6M,seed-0,13.6315,1.5136
dclm,6M,seed-0,13.7626,1.5174
dclm,6M,seed-0,13.8936,1.5164
dclm,6M,seed-0,14.0247,1.5148
dclm,6M,seed-0,14.1558,1.5159
dclm,6M,seed-0,14.2868,1.5157
dclm,6M,seed-0,14.4179,1.5122
dclm,6M,seed-0,14.549,1.5144
dclm,6M,seed-0,14.6801,1.5161
dclm,6M,seed-0,14.8111,1.5128
dclm,6M,seed-0,14.9422,1.5118
dclm,6M,seed-0,15.0733,1.5109
dclm,6M,seed-0,15.2044,1.5107
dclm,6M,seed-0,15.3354,1.5121
dclm,6M,seed-0,15.4665,1.5133
dclm,6M,seed-0,15.5976,1.5101
dclm,6M,seed-0,15.7286,1.5112
dclm,6M,seed-0,15.8597,1.5104
dclm,6M,seed-0,15.9908,1.5107
dclm,6M,seed-0,16.1219,1.5116
dclm,6M,seed-0,16.2529,1.5105
dclm,6M,seed-0,16.384,1.5118
dclm,6M,seed-0,16.5151,1.508
dclm,6M,seed-0,16.6461,1.5126
dclm,6M,seed-0,16.7772,1.5062
dclm,6M,seed-0,16.9083,1.5086
dclm,6M,seed-0,17.0394,1.5131
dclm,6M,seed-0,17.1704,1.5116
dclm,6M,seed-0,17.3015,1.5093
dclm,6M,seed-0,17.4326,1.5088
dclm,6M,seed-0,17.5636,1.509
dclm,6M,seed-0,17.6947,1.51
dclm,6M,seed-0,17.723,1.5064
dclm,6M,seed-1,0.1311,2.2696
dclm,6M,seed-1,0.2621,2.0503
dclm,6M,seed-1,0.3932,1.8957
dclm,6M,seed-1,0.5243,1.7451
dclm,6M,seed-1,0.6554,1.705
dclm,6M,seed-1,0.7864,1.681
dclm,6M,seed-1,0.9175,1.6629
dclm,6M,seed-1,1.0486,1.6449
dclm,6M,seed-1,1.1796,1.6353
dclm,6M,seed-1,1.3107,1.6249
dclm,6M,seed-1,1.4418,1.6179
dclm,6M,seed-1,1.5729,1.614
dclm,6M,seed-1,1.7039,1.6071
dclm,6M,seed-1,1.835,1.602
dclm,6M,seed-1,1.9661,1.5983
dclm,6M,seed-1,2.0972,1.5929
dclm,6M,seed-1,2.2282,1.5909
dclm,6M,seed-1,2.3593,1.5871
dclm,6M,seed-1,2.4904,1.5868
dclm,6M,seed-1,2.6214,1.5812
dclm,6M,seed-1,2.7525,1.5788
dclm,6M,seed-1,2.8836,1.5781
dclm,6M,seed-1,3.0147,1.5758
dclm,6M,seed-1,3.1457,1.5714
dclm,6M,seed-1,3.2768,1.5716
dclm,6M,seed-1,3.4079,1.5697
dclm,6M,seed-1,3.5389,1.5677
dclm,6M,seed-1,3.67,1.5681
dclm,6M,seed-1,3.8011,1.5662
dclm,6M,seed-1,3.9322,1.5654
dclm,6M,seed-1,4.0632,1.5641
dclm,6M,seed-1,4.1943,1.561
dclm,6M,seed-1,4.3254,1.5601
dclm,6M,seed-1,4.4564,1.5562
dclm,6M,seed-1,4.5875,1.5586
dclm,6M,seed-1,4.7186,1.5579
dclm,6M,seed-1,4.8497,1.5555
dclm,6M,seed-1,4.9807,1.5518
dclm,6M,seed-1,5.1118,1.5532
dclm,6M,seed-1,5.2429,1.5505
dclm,6M,seed-1,5.374,1.5502
dclm,6M,seed-1,5.505,1.551
dclm,6M,seed-1,5.6361,1.5482
dclm,6M,seed-1,5.7672,1.5502
dclm,6M,seed-1,5.8982,1.5449
dclm,6M,seed-1,6.0293,1.547
dclm,6M,seed-1,6.1604,1.5457
dclm,6M,seed-1,6.2915,1.5453
dclm,6M,seed-1,6.4225,1.5432
dclm,6M,seed-1,6.5536,1.5428
dclm,6M,seed-1,6.6847,1.5415
dclm,6M,seed-1,6.8157,1.5449
dclm,6M,seed-1,6.9468,1.5381
dclm,6M,seed-1,7.0779,1.542
dclm,6M,seed-1,7.209,1.5421
dclm,6M,seed-1,7.34,1.5428
dclm,6M,seed-1,7.4711,1.5374
dclm,6M,seed-1,7.6022,1.5383
dclm,6M,seed-1,7.7332,1.5377
dclm,6M,seed-1,7.8643,1.5358
dclm,6M,seed-1,7.9954,1.5379
dclm,6M,seed-1,8.1265,1.5329
dclm,6M,seed-1,8.2575,1.536
dclm,6M,seed-1,8.3886,1.5366
dclm,6M,seed-1,8.5197,1.5375
dclm,6M,seed-1,8.6508,1.534
dclm,6M,seed-1,8.7818,1.5338
dclm,6M,seed-1,8.9129,1.5308
dclm,6M,seed-1,9.044,1.5321
dclm,6M,seed-1,9.175,1.5311
dclm,6M,seed-1,9.3061,1.5272
dclm,6M,seed-1,9.4372,1.532
dclm,6M,seed-1,9.5683,1.5293
dclm,6M,seed-1,9.6993,1.5281
dclm,6M,seed-1,9.8304,1.5271
dclm,6M,seed-1,9.9615,1.5297
dclm,6M,seed-1,10.0925,1.5298
dclm,6M,seed-1,10.2236,1.528
dclm,6M,seed-1,10.3547,1.5281
dclm,6M,seed-1,10.4858,1.5263
dclm,6M,seed-1,10.6168,1.5246
dclm,6M,seed-1,10.7479,1.5254
dclm,6M,seed-1,10.879,1.5249
dclm,6M,seed-1,11.01,1.5262
dclm,6M,seed-1,11.1411,1.523
dclm,6M,seed-1,11.2722,1.522
dclm,6M,seed-1,11.4033,1.5218
dclm,6M,seed-1,11.5343,1.5213
dclm,6M,seed-1,11.6654,1.5208
dclm,6M,seed-1,11.7965,1.5226
dclm,6M,seed-1,11.9276,1.5228
dclm,6M,seed-1,12.0586,1.5246
dclm,6M,seed-1,12.1897,1.5188
dclm,6M,seed-1,12.3208,1.52
dclm,6M,seed-1,12.4518,1.5202
dclm,6M,seed-1,12.5829,1.5176
dclm,6M,seed-1,12.714,1.5198
dclm,6M,seed-1,12.8451,1.5203
dclm,6M,seed-1,12.9761,1.5193
dclm,6M,seed-1,13.1072,1.5203
dclm,6M,seed-1,13.2383,1.5156
dclm,6M,seed-1,13.3693,1.5147
dclm,6M,seed-1,13.5004,1.5168
dclm,6M,seed-1,13.6315,1.5157
dclm,6M,seed-1,13.7626,1.5154
dclm,6M,seed-1,13.8936,1.5135
dclm,6M,seed-1,14.0247,1.5152
dclm,6M,seed-1,14.1558,1.5138
dclm,6M,seed-1,14.2868,1.5149
dclm,6M,seed-1,14.4179,1.5107
dclm,6M,seed-1,14.549,1.5112
dclm,6M,seed-1,14.6801,1.513
dclm,6M,seed-1,14.8111,1.5119
dclm,6M,seed-1,14.9422,1.5112
dclm,6M,seed-1,15.0733,1.5116
dclm,6M,seed-1,15.2044,1.5103
dclm,6M,seed-1,15.3354,1.516
dclm,6M,seed-1,15.4665,1.5091
dclm,6M,seed-1,15.5976,1.513
dclm,6M,seed-1,15.7286,1.5107
dclm,6M,seed-1,15.8597,1.5135
dclm,6M,seed-1,15.9908,1.5091
dclm,6M,seed-1,16.1219,1.5117
dclm,6M,seed-1,16.2529,1.5096
dclm,6M,seed-1,16.384,1.5112
dclm,6M,seed-1,16.5151,1.5102
dclm,6M,seed-1,16.6461,1.5067
dclm,6M,seed-1,16.7772,1.5075
dclm,6M,seed-1,16.9083,1.508
dclm,6M,seed-1,17.0394,1.5077
dclm,6M,seed-1,17.1704,1.5072
dclm,6M,seed-1,17.3015,1.5073
dclm,6M,seed-1,17.4326,1.506
dclm,6M,seed-1,17.5636,1.5082
dclm,6M,seed-1,17.6947,1.5056
dclm,6M,seed-1,17.723,1.5042
sp2dclm,100k,seed-0,0.1311,3.1887
sp2dclm,100k,seed-0,0.2621,2.9374
sp2dclm,100k,seed-0,0.3932,2.8358
sp2dclm,100k,seed-0,0.5002,2.7861
sp2dclm,1M,seed-0,0.1311,2.2716
sp2dclm,1M,seed-0,0.2621,2.1053
sp2dclm,1M,seed-0,0.3932,2.0394
sp2dclm,1M,seed-0,0.5002,1.999
sp2dclm,24M,seed-0,0.1311,1.7437
sp2dclm,24M,seed-0,0.2621,1.64
sp2dclm,24M,seed-0,0.3932,1.5889
sp2dclm,24M,seed-0,0.5002,1.5595
sp2dclm,3M,seed-0,0.1311,2.0662
sp2dclm,3M,seed-0,0.2621,1.9235
sp2dclm,3M,seed-0,0.3932,1.8611
sp2dclm,3M,seed-0,0.5002,1.8206
sp2dclm,500k,seed-0,0.1311,2.4082
sp2dclm,500k,seed-0,0.2621,2.2437
sp2dclm,500k,seed-0,0.3932,2.1651
sp2dclm,500k,seed-0,0.5002,2.1162
sp2dclm,6M,seed-0,0.1311,1.9592
sp2dclm,6M,seed-0,0.2621,1.8343
sp2dclm,6M,seed-0,0.3932,1.7761
sp2dclm,6M,seed-0,0.5002,1.7407
